2-faced,0.0
2-faces,0.0
abnormal,-0.12
abolish,-0.14
abominable,-0.1
abominably,-0.1
abominate,-0.11
abomination,-0.09
abort,-0.2
aborted,-0.14
aborts,-0.17
abrade,-0.17
abrasive,-0.12
abrupt,-0.17
abruptly,-0.12
abscond,-0.14
absence,-0.14
absent-minded,0.0
absentee,-0.12
absurd,-0.17
absurdity,-0.11
absurdly,-0.12
absurdness,-0.1
abuse,-0.2
abused,-0.17
abuses,-0.17
abusive,-0.14
abysmal,-0.14
abysmally,-0.11
abyss,-0.2
accidental,-0.1
accost,-0.17
accursed,-0.12
accusation,-0.1
accusations,-0.09
accuse,-0.17
accuses,-0.14
accusing,-0.12
accusingly,-0.1
acerbate,-0.12
acerbic,-0.14
acerbically,-0.09
ache,-0.25
ached,-0.2
aches,-0.2
achey,-0.2
aching,-0.17
acrid,-0.2
acridly,-0.14
acridness,-0.11
acrimonious,-0.09
acrimoniously,-0.08
acrimony,-0.12
adamant,-0.14
adamantly,-0.11
addict,-0.17
addicted,-0.12
addicting,-0.11
addicts,-0.14
admonish,-0.12
admonisher,-0.1
admonishingly,-0.08
admonishment,-0.08
admonition,-0.1
adulterate,-0.1
adulterated,-0.09
adulteration,-0.08
adulterier,-0.1
adversarial,-0.09
adversary,-0.11
adverse,-0.14
adversity,-0.11
afflict,-0.14
affliction,-0.1
afflictive,-0.1
affront,-0.14
afraid,-0.17
aggravate,-0.11
aggravating,-0.09
aggravation,-0.09
aggression,-0.1
aggressive,-0.1
aggressiveness,-0.07
aggressor,-0.11
aggrieve,-0.12
aggrieved,-0.11
aggrivation,-0.09
aghast,-0.17
agonies,-0.14
agonize,-0.14
agonizing,-0.11
agonizingly,-0.09
agony,-0.2
aground,-0.14
ail,-0.33
ailing,-0.17
ailment,-0.14
aimless,-0.14
alarm,-0.2
alarmed,-0.14
alarming,-0.12
alarmingly,-0.1
alienate,-0.12
alienated,-0.11
alienation,-0.1
allegation,-0.1
allegations,-0.09
allege,-0.17
allergic,-0.12
allergies,-0.11
allergy,-0.14
aloof,-0.2
altercation,-0.09
ambiguity,-0.11
ambiguous,-0.11
ambivalence,-0.09
ambivalent,-0.1
ambush,-0.17
amiss,-0.2
amputate,-0.12
anarchism,-0.11
anarchist,-0.11
anarchistic,-0.09
anarchy,-0.14
anemic,-0.17
anger,-0.2
angrily,-0.14
angriness,-0.11
angry,-0.2
anguish,-0.14
animosity,-0.11
annihilate,-0.1
annihilation,-0.08
annoy,-0.2
annoyance,-0.11
annoyances,-0.1
annoyed,-0.14
annoying,-0.12
annoyingly,-0.1
annoys,-0.17
anomalous,-0.11
anomaly,-0.14
antagonism,-0.1
antagonist,-0.1
antagonistic,-0.08
antagonize,-0.1
anti-,0.0
anti-american,0.0
anti-israeli,0.0
anti-occupation,0.0
anti-proliferation,0.0
anti-semites,0.0
anti-social,0.0
anti-us,0.0
anti-white,0.0
antipathy,-0.11
antiquated,-0.1
antithetical,-0.08
anxieties,-0.11
anxiety,-0.14
anxious,-0.14
anxiously,-0.11
anxiousness,-0.09
apathetic,-0.11
apathetically,-0.08
apathy,-0.17
apocalypse,-0.1
apocalyptic,-0.09
apologist,-0.11
apologists,-0.1
appal,-0.2
appall,-0.17
appalled,-0.12
appalling,-0.11
appallingly,-0.09
apprehension,-0.08
apprehensions,-0.08
apprehensive,-0.08
apprehensively,-0.07
arbitrary,-0.11
arcane,-0.17
archaic,-0.14
arduous,-0.14
arduously,-0.11
argumentative,-0.08
arrogance,-0.11
arrogant,-0.12
arrogantly,-0.1
ashamed,-0.14
asinine,-0.14
asininely,-0.11
asinininity,-0.09
askance,-0.14
asperse,-0.14
aspersion,-0.11
aspersions,-0.1
assail,-0.17
assassin,-0.12
assassinate,-0.09
assault,-0.14
assult,-0.17
astray,-0.17
asunder,-0.14
atrocious,-0.11
atrocities,-0.1
atrocity,-0.12
atrophy,-0.14
attack,-0.17
attacks,-0.14
audacious,-0.11
audaciously,-0.09
audaciousness,-0.08
audacity,-0.12
audiciously,-0.09
austere,-0.14
authoritarian,-0.08
autocrat,-0.12
autocratic,-0.1
avalanche,-0.11
avarice,-0.14
avaricious,-0.1
avariciously,-0.08
avenge,-0.17
averse,-0.17
aversion,-0.12
aweful,-0.17
awful,-0.2
awfully,-0.14
awfulness,-0.11
awkward,-0.14
awkwardness,-0.09
ax,-0.5
babble,-0.17
back-logged,0.0
back-wood,0.0
back-woods,0.0
backache,-0.12
backaches,-0.11
backaching,-0.1
backbite,-0.12
backbiting,-0.1
backward,-0.12
backwardness,-0.08
backwood,-0.12
backwoods,-0.11
bad,-0.33
badly,-0.2
baffle,-0.17
baffled,-0.14
bafflement,-0.1
baffling,-0.12
bait,-0.25
balk,-0.25
banal,-0.2
banalize,-0.12
bane,-0.25
banish,-0.17
banishment,-0.1
bankrupt,-0.12
barbarian,-0.11
barbaric,-0.12
barbarically,-0.08
barbarity,-0.11
barbarous,-0.11
barbarously,-0.09
barren,-0.17
baseless,-0.12
bash,-0.25
bashed,-0.17
bashful,-0.14
bashing,-0.14
bastard,-0.14
bastards,-0.12
battered,-0.12
battering,-0.11
batty,-0.2
bearish,-0.14
beastly,-0.14
bedlam,-0.17
bedlamite,-0.11
befoul,-0.17
beg,-0.33
beggar,-0.17
beggarly,-0.12
begging,-0.14
beguile,-0.14
belabor,-0.14
belated,-0.14
beleaguer,-0.11
belie,-0.2
belittle,-0.12
belittled,-0.11
belittling,-0.1
bellicose,-0.11
belligerence,-0.08
belligerent,-0.09
belligerently,-0.08
bemoan,-0.17
bemoaning,-0.11
bemused,-0.14
bent,-0.25
berate,-0.17
bereave,-0.14
bereavement,-0.09
bereft,-0.17
berserk,-0.14
beseech,-0.14
beset,-0.2
besiege,-0.14
besmirch,-0.12
bestial,-0.14
betray,-0.17
betrayal,-0.12
betrayals,-0.11
betrayer,-0.12
betraying,-0.11
betrays,-0.14
bewail,-0.17
beware,-0.17
bewilder,-0.12
bewildered,-0.1
bewildering,-0.09
bewilderingly,-0.08
bewilderment,-0.08
bewitch,-0.14
bias,-0.25
biased,-0.17
biases,-0.17
bicker,-0.17
bickering,-0.11
bid-rigging,0.0
bigotries,-0.11
bigotry,-0.14
bitch,-0.2
bitchy,-0.17
biting,-0.17
bitingly,-0.12
bitter,-0.17
bitterly,-0.12
bitterness,-0.1
bizarre,-0.14
blab,-0.25
blabber,-0.14
blackmail,-0.11
blah,-0.25
blame,-0.2
blameworthy,-0.09
bland,-0.2
blandish,-0.12
blaspheme,-0.11
blasphemous,-0.09
blasphemy,-0.11
blasted,-0.14
blatant,-0.14
blatantly,-0.11
blather,-0.14
bleak,-0.2
bleakly,-0.14
bleakness,-0.11
bleed,-0.2
bleeding,-0.12
bleeds,-0.17
blemish,-0.14
blind,-0.2
blinding,-0.12
blindingly,-0.1
blindside,-0.11
blister,-0.14
blistering,-0.1
bloated,-0.14
blockage,-0.12
blockhead,-0.11
bloodshed,-0.11
bloodthirsty,-0.08
bloody,-0.17
blotchy,-0.14
blow,-0.25
blunder,-0.14
blundering,-0.1
blunders,-0.12
blunt,-0.2
blur,-0.25
bluring,-0.14
blurred,-0.14
blurring,-0.12
blurry,-0.17
blurs,-0.2
blurt,-0.2
boastful,-0.12
boggle,-0.17
bogus,-0.2
boil,-0.25
boiling,-0.14
boisterous,-0.1
bomb,-0.25
bombard,-0.14
bombardment,-0.09
bombastic,-0.11
bondage,-0.14
bonkers,-0.14
bore,-0.25
bored,-0.2
boredom,-0.14
bores,-0.2
boring,-0.17
botch,-0.2
bother,-0.17
bothered,-0.12
bothering,-0.11
bothers,-0.14
bothersome,-0.1
bowdlerize,-0.1
boycott,-0.14
braggart,-0.12
bragger,-0.14
brainless,-0.11
brainwash,-0.11
brash,-0.2
brashly,-0.14
brashness,-0.11
brat,-0.25
bravado,-0.14
brazen,-0.17
brazenly,-0.12
brazenness,-0.1
breach,-0.17
break,-0.2
break-up,-0.12
break-ups,-0.11
breakdown,-0.11
breaking,-0.12
breaks,-0.17
breakup,-0.14
breakups,-0.12
bribery,-0.14
brimstone,-0.11
bristle,-0.14
brittle,-0.14
broke,-0.2
broken,-0.17
broken-hearted,-0.07
brood,-0.2
browbeat,-0.12
bruise,-0.17
bruised,-0.14
bruises,-0.14
bruising,-0.12
brusque,-0.14
brutal,-0.17
brutalising,-0.09
brutalities,-0.09
brutality,-0.11
brutalize,-0.11
brutalizing,-0.09
brutally,-0.12
brute,-0.2
brutish,-0.14
bs,0.0
buckle,-0.17
bug,-0.33
bugging,-0.14
buggy,-0.2
bugs,-0.25
bulkier,-0.14
bulkiness,-0.11
bulky,-0.2
bulkyness,-0.11
bull****,0.0
bull----,0.0
bullies,-0.14
bullshit,-0.12
bullshyt,-0.12
bully,-0.2
bullying,-0.12
bullyingly,-0.1
bum,-0.33
bump,-0.25
bumped,-0.17
bumping,-0.14
bumpping,-0.12
bumps,-0.2
bumpy,-0.2
bungle,-0.17
bungler,-0.14
bungling,-0.12
bunk,-0.25
burden,-0.17
burdensome,-0.1
burdensomely,-0.08
burn,-0.25
burned,-0.17
burning,-0.14
burns,-0.2
bust,-0.25
busts,-0.2
busybody,-0.12
butcher,-0.14
butchery,-0.12
buzzing,-0.14
byzantine,-0.11
cackle,-0.17
calamities,-0.1
calamitous,-0.1
calamitously,-0.08
calamity,-0.12
callous,-0.14
calumniate,-0.1
calumniation,-0.08
calumnies,-0.11
calumnious,-0.1
calumniously,-0.08
calumny,-0.14
cancer,-0.17
cancerous,-0.11
cannibal,-0.12
cannibalize,-0.09
capitulate,-0.1
capricious,-0.1
capriciously,-0.08
capriciousness,-0.07
capsize,-0.14
careless,-0.12
carelessness,-0.08
caricature,-0.1
carnage,-0.14
carp,-0.25
cartoonish,-0.1
cash-strapped,0.0
castigate,-0.11
castrated,-0.11
casualty,-0.12
cataclysm,-0.11
cataclysmal,-0.09
cataclysmic,-0.09
cataclysmically,-0.07
catastrophe,-0.09
catastrophes,-0.08
catastrophic,-0.08
catastrophically,-0.06
catastrophies,-0.08
caustic,-0.14
caustically,-0.09
cautionary,-0.1
cave,-0.25
censure,-0.14
chafe,-0.2
chaff,-0.2
chagrin,-0.14
challenging,-0.09
chaos,-0.2
chaotic,-0.14
chasten,-0.14
chastise,-0.12
chastisement,-0.08
chatter,-0.14
chatterbox,-0.1
cheap,-0.2
cheapen,-0.14
cheaply,-0.14
cheat,-0.2
cheated,-0.14
cheater,-0.14
cheating,-0.12
cheats,-0.17
checkered,-0.11
cheerless,-0.11
cheesy,-0.17
chide,-0.2
childish,-0.12
chill,-0.2
chilly,-0.17
chintzy,-0.14
choke,-0.2
choleric,-0.12
choppy,-0.17
chore,-0.2
chronic,-0.14
chunky,-0.17
clamor,-0.17
clamorous,-0.11
clash,-0.2
cliche,-0.17
cliched,-0.14
clique,-0.17
clog,-0.25
clogged,-0.14
clogs,-0.2
cloud,-0.2
clouding,-0.12
cloudy,-0.17
clueless,-0.12
clumsy,-0.17
clunky,-0.17
coarse,-0.17
cocky,-0.2
coerce,-0.17
coercion,-0.12
coercive,-0.12
cold,-0.25
coldly,-0.17
collapse,-0.12
collude,-0.14
collusion,-0.11
combative,-0.11
combust,-0.14
comical,-0.14
commiserate,-0.09
commonplace,-0.09
commotion,-0.11
commotions,-0.1
complacent,-0.1
complain,-0.12
complained,-0.1
complaining,-0.09
complains,-0.11
complaint,-0.11
complaints,-0.1
complex,-0.14
complicated,-0.09
complication,-0.08
complicit,-0.11
compulsion,-0.1
compulsive,-0.1
concede,-0.14
conceded,-0.12
conceit,-0.14
conceited,-0.11
concen,-0.17
concens,-0.14
concern,-0.14
concerned,-0.11
concerns,-0.12
concession,-0.1
concessions,-0.09
condemn,-0.14
condemnable,-0.09
condemnation,-0.08
condemned,-0.11
condemns,-0.12
condescend,-0.1
condescending,-0.08
condescendingly,-0.07
condescension,-0.08
confess,-0.14
confession,-0.1
confessions,-0.09
confined,-0.12
conflict,-0.12
conflicted,-0.1
conflicting,-0.09
conflicts,-0.11
confound,-0.12
confounded,-0.1
confounding,-0.09
confront,-0.12
confrontation,-0.08
confrontational,-0.07
confuse,-0.14
confused,-0.12
confuses,-0.12
confusing,-0.11
confusion,-0.11
confusions,-0.1
congested,-0.11
congestion,-0.1
cons,0.0
conscons,-0.12
conservative,-0.08
conspicuous,-0.09
conspicuously,-0.08
conspiracies,-0.08
conspiracy,-0.1
conspirator,-0.09
conspiratorial,-0.07
conspire,-0.12
consternation,-0.08
contagious,-0.1
contaminate,-0.09
contaminated,-0.08
contaminates,-0.08
contaminating,-0.08
contamination,-0.08
contempt,-0.12
contemptible,-0.08
contemptuous,-0.08
contemptuously,-0.07
contend,-0.14
contention,-0.1
contentious,-0.09
contort,-0.14
contortions,0.0
contradict,-0.1
contradiction,-0.08
contradictory,-0.08
contrariness,-0.08
contravene,-0.1
contrive,-0.12
contrived,-0.11
controversial,-0.08
controversy,-0.09
convoluted,-0.1
corrode,-0.14
corrosion,-0.11
corrosions,-0.1
corrosive,-0.11
corrupt,-0.14
corrupted,-0.11
corrupting,-0.1
corruption,-0.1
corrupts,-0.12
corruptted,-0.1
costlier,-0.12
costly,-0.17
counter-productive,0.06
counterproductive,-0.06
coupists,-0.12
covetous,-0.12
coward,-0.17
cowardly,-0.12
crabby,-0.17
crack,-0.2
cracked,-0.14
cracks,-0.17
craftily,-0.12
craftly,-0.14
crafty,-0.17
cramp,-0.2
cramped,-0.14
cramping,-0.12
cranky,-0.17
crap,-0.25
crappy,-0.17
craps,-0.2
crash,-0.2
crashed,-0.14
crashes,-0.14
crashing,-0.12
crass,-0.2
craven,-0.17
cravenly,-0.12
craze,-0.2
crazily,-0.14
craziness,-0.11
crazy,-0.2
creak,-0.2
creaking,-0.12
creaks,-0.17
credulous,-0.11
creep,-0.2
creeping,-0.12
creeps,-0.17
creepy,-0.17
crept,-0.2
crime,-0.2
criminal,-0.12
cringe,-0.17
cringed,-0.14
cringes,-0.14
cripple,-0.14
crippled,-0.12
cripples,-0.12
crippling,-0.11
crisis,-0.17
critic,-0.17
critical,-0.12
criticism,-0.11
criticisms,-0.1
criticize,-0.11
criticized,-0.1
criticizing,-0.09
critics,-0.14
cronyism,-0.12
crook,-0.2
crooked,-0.14
crooks,-0.17
crowded,-0.14
crowdedness,-0.09
crude,-0.2
cruel,-0.2
crueler,-0.14
cruelest,-0.12
cruelly,-0.14
cruelness,-0.11
cruelties,-0.11
cruelty,-0.14
crumble,-0.14
crumbling,-0.11
crummy,-0.17
crumple,-0.14
crumpled,-0.12
crumples,-0.12
crush,-0.2
crushed,-0.14
crushing,-0.12
cry,-0.33
culpable,-0.12
culprit,-0.14
cumbersome,-0.1
cunt,-0.25
cunts,-0.2
cuplrit,-0.14
curse,-0.2
cursed,-0.17
curses,-0.17
curt,-0.25
cuss,-0.25
cussed,-0.17
cutthroat,-0.11
cynical,-0.14
cynicism,-0.12
d*mn,0.0
damage,-0.17
damaged,-0.14
damages,-0.14
damaging,-0.12
damn,-0.25
damnable,-0.12
damnably,-0.12
damnation,-0.11
damned,-0.17
damning,-0.14
damper,-0.17
danger,-0.17
dangerous,-0.11
dangerousness,-0.08
dark,-0.25
darken,-0.17
darkened,-0.12
darker,-0.17
darkness,-0.12
dastard,-0.14
dastardly,-0.11
daunt,-0.2
daunting,-0.12
dauntingly,-0.1
dawdle,-0.17
daze,-0.25
dazed,-0.2
dead,-0.25
deadbeat,-0.12
deadlock,-0.12
deadly,-0.17
deadweight,-0.1
deaf,-0.25
dearth,-0.17
death,-0.2
debacle,-0.14
debase,-0.17
debasement,-0.1
debaser,-0.14
debatable,-0.11
debauch,-0.14
debaucher,-0.11
debauchery,-0.1
debilitate,-0.1
debilitating,-0.08
debility,-0.12
debt,-0.25
debts,-0.2
decadence,-0.11
decadent,-0.12
decay,-0.2
decayed,-0.14
deceit,-0.17
deceitful,-0.11
deceitfully,-0.09
deceitfulness,-0.08
deceive,-0.14
deceiver,-0.12
deceivers,-0.11
deceiving,-0.11
deception,-0.11
deceptive,-0.11
deceptively,-0.09
declaim,-0.14
decline,-0.14
declines,-0.12
declining,-0.11
decrement,-0.11
decrepit,-0.12
decrepitude,-0.09
decry,-0.2
defamation,-0.1
defamations,-0.09
defamatory,-0.1
defame,-0.17
defect,-0.17
defective,-0.11
defects,-0.14
defensive,-0.11
defiance,-0.12
defiant,-0.14
defiantly,-0.11
deficiencies,-0.08
deficiency,-0.1
deficient,-0.11
defile,-0.17
defiler,-0.14
deform,-0.17
deformed,-0.12
defrauding,-0.1
defunct,-0.14
defy,-0.25
degenerate,-0.1
degenerately,-0.08
degeneration,-0.08
degradation,-0.09
degrade,-0.14
degrading,-0.11
degradingly,-0.09
dehumanization,-0.07
dehumanize,-0.1
deign,-0.2
deject,-0.17
dejected,-0.12
dejectedly,-0.1
dejection,-0.11
delay,-0.2
delayed,-0.14
delaying,-0.12
delays,-0.17
delinquency,-0.09
delinquent,-0.1
delirious,-0.11
delirium,-0.12
delude,-0.17
deluded,-0.14
deluge,-0.17
delusion,-0.12
delusional,-0.1
delusions,-0.11
demean,-0.17
demeaning,-0.11
demise,-0.17
demolish,-0.12
demolisher,-0.1
demon,-0.2
demonic,-0.14
demonize,-0.12
demonized,-0.11
demonizes,-0.11
demonizing,-0.1
demoralize,-0.1
demoralizing,-0.08
demoralizingly,-0.07
denial,-0.17
denied,-0.17
denies,-0.17
denigrate,-0.11
denounce,-0.12
dense,-0.2
dent,-0.25
dented,-0.17
dents,-0.2
denunciate,-0.1
denunciation,-0.08
denunciations,-0.08
deny,-0.25
denying,-0.14
deplete,-0.14
deplorable,-0.1
deplorably,-0.1
deplore,-0.14
deploring,-0.11
deploringly,-0.09
deprave,-0.14
depraved,-0.12
depravedly,-0.1
deprecate,-0.11
depress,-0.14
depressed,-0.11
depressing,-0.1
depressingly,-0.08
depression,-0.1
depressions,-0.09
deprive,-0.14
deprived,-0.12
deride,-0.17
derision,-0.12
derisive,-0.12
derisively,-0.1
derisiveness,-0.08
derogatory,-0.1
desecrate,-0.11
desert,-0.17
desertion,-0.11
desiccate,-0.11
desiccated,-0.1
desititute,-0.1
desolate,-0.12
desolately,-0.1
desolation,-0.1
despair,-0.14
despairing,-0.1
despairingly,-0.08
desperate,-0.11
desperately,-0.09
desperation,-0.09
despicable,-0.1
despicably,-0.1
despise,-0.14
despised,-0.12
despoil,-0.14
despoiler,-0.11
despondence,-0.09
despondency,-0.09
despondent,-0.1
despondently,-0.08
despot,-0.17
despotic,-0.12
despotism,-0.11
destabilisation,-0.07
destains,-0.12
destitute,-0.11
destitution,-0.09
destroy,-0.14
destroyer,-0.11
destruction,-0.09
destructive,-0.09
desultory,-0.11
deter,-0.2
deteriorate,-0.09
deteriorating,-0.08
deterioration,-0.08
deterrent,-0.11
detest,-0.17
detestable,-0.1
detestably,-0.1
detested,-0.12
detesting,-0.11
detests,-0.14
detract,-0.14
detracted,-0.11
detracting,-0.1
detraction,-0.1
detracts,-0.12
detriment,-0.11
detrimental,-0.09
devastate,-0.11
devastated,-0.1
devastates,-0.1
devastating,-0.09
devastatingly,-0.08
devastation,-0.09
deviate,-0.14
deviation,-0.11
devil,-0.2
devilish,-0.12
devilishly,-0.1
devilment,-0.11
devilry,-0.14
devious,-0.14
deviously,-0.11
deviousness,-0.09
devoid,-0.17
diabolic,-0.12
diabolical,-0.1
diabolically,-0.08
diametrically,-0.08
diappointed,-0.09
diatribe,-0.12
diatribes,-0.11
dick,-0.25
dictator,-0.12
dictatorial,-0.09
die,-0.33
die-hard,-0.25
died,-0.25
dies,0.0
difficult,-0.11
difficulties,-0.08
difficulty,-0.1
diffidence,-0.1
dilapidated,-0.09
dilemma,-0.14
dilly-dally,0.0
dim,-0.33
dimmer,-0.17
din,-0.33
ding,-0.25
dings,-0.2
dinky,-0.2
dire,-0.25
direly,-0.17
direness,-0.12
dirt,-0.25
dirtbag,-0.14
dirtbags,-0.12
dirts,-0.2
dirty,-0.2
disable,-0.14
disabled,-0.12
disaccord,-0.11
disadvantage,-0.08
disadvantaged,-0.08
disadvantageous,-0.07
disadvantages,-0.08
disaffect,-0.11
disaffected,-0.09
disaffirm,-0.11
disagree,-0.12
disagreeable,-0.08
disagreeably,-0.08
disagreed,-0.11
disagreeing,-0.09
disagreement,-0.08
disagrees,-0.11
disallow,-0.12
disapointed,-0.09
disapointing,-0.08
disapointment,-0.08
disappoint,-0.1
disappointed,-0.08
disappointing,-0.08
disappointingly,-0.07
disappointment,-0.07
disappointments,-0.07
disappoints,-0.09
disapprobation,-0.07
disapproval,-0.09
disapprove,-0.1
disapproving,-0.08
disarm,-0.17
disarray,-0.12
disaster,-0.12
disasterous,-0.09
disastrous,-0.1
disastrously,-0.08
disavow,-0.14
disavowal,-0.11
disbelief,-0.11
disbelieve,-0.1
disbeliever,-0.09
disclaim,-0.12
discombobulate,-0.07
discomfit,-0.11
discomfititure,-0.07
discomfort,-0.1
discompose,-0.1
disconcert,-0.1
disconcerted,-0.08
disconcerting,-0.08
disconcertingly,-0.07
disconsolate,-0.08
disconsolately,-0.07
disconsolation,-0.07
discontent,-0.1
discontented,-0.08
discontentedly,-0.07
discontinued,-0.08
discontinuity,-0.08
discontinuous,-0.08
discord,-0.14
discordance,-0.09
discordant,-0.1
discountenance,-0.07
discourage,-0.1
discouragement,-0.07
discouraging,-0.08
discouragingly,-0.07
discourteous,-0.08
discourteously,-0.07
discoutinous,-0.08
discredit,-0.11
discrepant,-0.1
discriminate,-0.08
discrimination,-0.07
discriminatory,-0.07
disdain,-0.14
disdained,-0.11
disdainful,-0.1
disdainfully,-0.08
disfavor,-0.12
disgrace,-0.12
disgraced,-0.11
disgraceful,-0.09
disgracefully,-0.08
disgruntle,-0.1
disgruntled,-0.09
disgust,-0.14
disgusted,-0.11
disgustedly,-0.09
disgustful,-0.1
disgustfully,-0.08
disgusting,-0.1
disgustingly,-0.08
dishearten,-0.1
disheartening,-0.08
dishearteningly,-0.07
dishonest,-0.11
dishonestly,-0.09
dishonesty,-0.1
dishonor,-0.12
dishonorable,-0.08
dishonorablely,-0.07
disillusion,-0.09
disillusioned,-0.08
disillusionment,-0.07
disillusions,-0.08
disinclination,-0.07
disinclined,-0.09
disingenuous,-0.08
disingenuously,-0.07
disintegrate,-0.08
disintegrated,-0.08
disintegrates,-0.08
disintegration,-0.07
disinterest,-0.09
disinterested,-0.08
dislike,-0.14
disliked,-0.12
dislikes,-0.12
disliking,-0.11
dislocated,-0.1
disloyal,-0.12
disloyalty,-0.1
dismal,-0.17
dismally,-0.12
dismalness,-0.1
dismay,-0.17
dismayed,-0.12
dismaying,-0.11
dismayingly,-0.09
dismissive,-0.1
dismissively,-0.08
disobedience,-0.08
disobedient,-0.09
disobey,-0.14
disoobedient,-0.08
disorder,-0.12
disordered,-0.1
disorderly,-0.1
disorganized,-0.08
disorient,-0.11
disoriented,-0.09
disown,-0.17
disparage,-0.11
disparaging,-0.09
disparagingly,-0.08
dispensable,-0.09
dispirit,-0.12
dispirited,-0.1
dispiritedly,-0.08
dispiriting,-0.09
displace,-0.12
displaced,-0.11
displease,-0.11
displeased,-0.1
displeasing,-0.09
displeasure,-0.09
disproportionate,-0.06
disprove,-0.12
disputable,-0.1
dispute,-0.14
disputed,-0.12
disquiet,-0.12
disquieting,-0.09
disquietingly,-0.08
disquietude,-0.09
disregard,-0.11
disregardful,-0.08
disreputable,-0.08
disrepute,-0.11
disrespect,-0.1
disrespectable,-0.07
disrespectablity,-0.06
disrespectful,-0.08
disrespectfully,-0.07
disrespectfulness,-0.06
disrespecting,-0.08
disrupt,-0.14
disruption,-0.1
disruptive,-0.1
diss,0.0
dissapointed,-0.08
dissappointed,-0.08
dissappointing,-0.07
dissatisfaction,-0.07
dissatisfactory,-0.07
dissatisfied,-0.08
dissatisfies,-0.08
dissatisfy,-0.1
dissatisfying,-0.08
dissed,-0.17
dissemble,-0.11
dissembler,-0.1
dissension,-0.1
dissent,-0.14
dissenter,-0.11
dissention,-0.1
disservice,-0.1
disses,0.0
dissidence,-0.1
dissident,-0.11
dissidents,-0.1
dissing,-0.14
dissocial,-0.11
dissolute,-0.11
dissolution,-0.09
dissonance,-0.1
dissonant,-0.11
dissonantly,-0.09
dissuade,-0.12
dissuasive,-0.1
distains,-0.12
distaste,-0.12
distasteful,-0.09
distastefully,-0.08
distort,-0.14
distorted,-0.11
distortion,-0.1
distorts,-0.12
distract,-0.12
distracting,-0.09
distraction,-0.09
distraught,-0.1
distraughtly,-0.08
distraughtness,-0.07
distress,-0.12
distressed,-0.1
distressing,-0.09
distressingly,-0.08
distrust,-0.12
distrustful,-0.09
distrusting,-0.09
disturb,-0.14
disturbance,-0.09
disturbed,-0.11
disturbing,-0.1
disturbingly,-0.08
disunity,-0.12
disvalue,-0.12
divergent,-0.11
divisive,-0.12
divisively,-0.1
divisiveness,-0.08
dizzing,-0.14
dizzingly,-0.11
dizzy,-0.2
doddering,-0.11
dodgey,-0.17
dogged,-0.17
doggedly,-0.12
dogmatic,-0.12
doldrums,-0.12
domineer,-0.12
domineering,-0.09
donside,-0.14
doom,-0.25
doomed,-0.17
doomsday,-0.12
dope,-0.25
doubt,-0.2
doubtful,-0.12
doubtfully,-0.1
doubts,-0.17
douchbag,-0.12
douchebag,-0.11
douchebags,-0.1
downbeat,-0.12
downcast,-0.12
downer,-0.17
downfall,-0.12
downfallen,-0.1
downgrade,-0.11
downhearted,-0.09
downheartedly,-0.08
downhill,-0.12
downside,-0.12
downsides,-0.11
downturn,-0.12
downturns,-0.11
drab,-0.25
draconian,-0.11
draconic,-0.12
drag,-0.25
dragged,-0.14
dragging,-0.12
dragoon,-0.14
drags,-0.2
drain,-0.2
drained,-0.14
draining,-0.12
drains,-0.17
drastic,-0.14
drastically,-0.09
drawback,-0.12
drawbacks,-0.11
dread,-0.2
dreadful,-0.12
dreadfully,-0.1
dreadfulness,-0.08
dreary,-0.17
dripped,-0.14
dripping,-0.12
drippy,-0.17
drips,0.0
drones,0.0
droop,-0.2
droops,-0.17
drop-out,0.0
drop-outs,0.0
dropout,-0.14
dropouts,-0.12
drought,-0.14
drowning,-0.12
drunk,-0.2
drunkard,-0.12
drunken,-0.14
dubious,-0.14
dubiously,-0.11
dubitable,-0.11
dud,-0.33
dull,-0.25
dullard,-0.14
dumb,-0.25
dumbfound,-0.11
dump,-0.25
dumped,-0.17
dumping,-0.14
dumps,-0.2
dunce,-0.2
dungeon,-0.14
dungeons,-0.12
dupe,-0.25
dust,-0.25
dusty,-0.2
dwindling,-0.11
dying,-0.2
earsplitting,-0.08
eccentric,-0.11
eccentricity,-0.08
effigy,-0.17
effrontery,-0.1
egocentric,-0.1
egomania,-0.12
egotism,-0.14
egotistical,-0.09
egotistically,-0.08
egregious,-0.11
egregiously,-0.09
election-rigger,0.0
elimination,-0.09
emaciated,-0.11
emasculate,-0.1
embarrass,-0.11
embarrassing,-0.08
embarrassingly,-0.07
embarrassment,-0.08
embattled,-0.11
embroil,-0.14
embroiled,-0.11
embroilment,-0.09
emergency,-0.11
emphatic,-0.12
emphatically,-0.08
emptiness,-0.11
encroach,-0.12
encroachment,-0.08
endanger,-0.12
enemies,-0.14
enemy,-0.2
enervate,-0.12
enfeeble,-0.12
enflame,-0.14
engulf,-0.17
enjoin,-0.17
enmity,-0.17
enrage,-0.17
enraged,-0.14
enraging,-0.12
enslave,-0.14
entangle,-0.12
entanglement,-0.08
entrap,-0.17
entrapment,-0.1
envious,0.0
enviously,0.0
enviousness,0.0
epidemic,-0.12
equivocal,-0.11
erase,-0.2
erode,-0.2
erodes,-0.17
erosion,-0.14
err,-0.33
errant,-0.17
erratic,-0.14
erratically,-0.09
erroneous,-0.11
erroneously,-0.09
error,-0.2
errors,-0.17
eruptions,0.0
escapade,-0.12
eschew,-0.17
estranged,-0.11
evade,-0.2
evasion,-0.14
evasive,-0.14
evil,-0.25
evildoer,-0.12
evils,-0.2
eviscerate,-0.1
exacerbate,-0.1
exagerate,-0.11
exagerated,-0.1
exagerates,-0.1
exaggerate,-0.1
exaggeration,-0.08
exasperate,-0.1
exasperated,-0.09
exasperating,-0.08
exasperatingly,-0.07
exasperation,-0.08
excessive,-0.11
excessively,-0.09
exclusion,-0.11
excoriate,-0.11
excruciating,-0.08
excruciatingly,-0.07
excuse,-0.17
excuses,-0.14
execrate,-0.12
exhaust,-0.14
exhausted,-0.11
exhaustion,-0.1
exhausts,-0.12
exhorbitant,-0.09
exhort,-0.17
exile,-0.2
exorbitant,-0.1
exorbitantance,-0.07
exorbitantly,-0.08
expel,-0.2
expensive,-0.11
expire,-0.17
expired,-0.14
explode,-0.14
exploit,-0.14
exploitation,-0.08
explosive,-0.11
expropriate,-0.09
expropriation,-0.08
expulse,-0.14
expunge,-0.14
exterminate,-0.09
extermination,-0.08
extinguish,-0.1
extort,-0.17
extortion,-0.11
extraneous,-0.1
extravagance,-0.08
extravagant,-0.09
extravagantly,-0.08
extremism,-0.11
extremist,-0.11
extremists,-0.1
eyesore,-0.14
f**k,0.0
fabricate,-0.11
fabrication,-0.09
facetious,-0.11
facetiously,-0.09
fail,-0.25
failed,-0.17
failing,-0.14
fails,-0.2
failure,-0.14
failures,-0.12
faint,-0.2
fainthearted,-0.08
faithless,-0.11
fake,-0.25
fall,-0.25
fallacies,-0.11
fallacious,-0.1
fallaciously,-0.08
fallaciousness,-0.07
fallacy,-0.14
fallen,-0.17
falling,-0.14
fallout,-0.14
falls,-0.2
false,-0.2
falsehood,-0.11
falsely,-0.14
falsify,-0.14
falter,-0.17
faltered,-0.12
famine,-0.17
famished,-0.12
fanatic,-0.14
fanatical,-0.11
fanatically,-0.09
fanaticism,-0.1
fanatics,-0.12
fanciful,-0.12
far-fetched,0.0
farce,-0.2
farcical,-0.12
farcical-yet-provocative,-0.08
farcically,-0.1
farfetched,-0.1
fascism,-0.14
fascist,-0.14
fastidious,-0.1
fastidiously,-0.08
fastuous,-0.12
fat,-0.33
fat-cat,-0.14
fat-cats,-0.12
fatal,-0.2
fatalistic,-0.1
fatalistically,-0.07
fatally,-0.14
fatcat,-0.17
fatcats,-0.14
fateful,-0.14
fatefully,-0.11
fathomless,-0.1
fatigue,-0.14
fatigued,-0.12
fatique,-0.14
fatty,-0.2
fatuity,-0.14
fatuous,-0.14
fatuously,-0.11
fault,-0.2
faults,-0.17
faulty,-0.17
fawningly,-0.11
faze,-0.25
fear,-0.25
fearful,-0.14
fearfully,-0.11
fears,-0.2
fearsome,-0.12
feckless,-0.12
feeble,-0.17
feeblely,-0.12
feebleminded,-0.08
feign,-0.2
feint,-0.2
fell,-0.25
felon,-0.2
felonious,-0.11
ferociously,-0.09
ferocity,-0.12
fetid,-0.2
fever,-0.2
feverish,-0.12
fevers,-0.17
fiasco,-0.17
fib,-0.33
fibber,-0.17
fickle,-0.17
fiction,-0.14
fictional,-0.11
fictitious,-0.1
fidget,-0.17
fidgety,-0.14
fiend,-0.2
fiendish,-0.12
fierce,-0.17
figurehead,-0.1
filth,-0.2
filthy,-0.17
finagle,-0.14
finicky,-0.14
fissures,0.0
fist,-0.25
flabbergast,-0.09
flabbergasted,-0.08
flagging,-0.12
flagrant,-0.12
flagrantly,-0.1
flair,-0.2
flairs,-0.17
flak,-0.25
flake,-0.2
flakey,-0.17
flakieness,-0.1
flaking,-0.14
flaky,-0.2
flare,-0.2
flares,-0.17
flareup,-0.14
flareups,-0.12
flat-out,0.0
flaunt,-0.17
flaw,-0.25
flawed,-0.17
flaws,-0.2
flee,-0.25
fleed,-0.2
fleeing,-0.14
fleer,-0.2
flees,-0.2
fleeting,-0.12
flicering,-0.11
flicker,-0.14
flickering,-0.1
flickers,-0.12
flighty,-0.14
flimflam,-0.12
flimsy,-0.17
flirt,-0.2
flirty,-0.17
floored,-0.14
flounder,-0.12
floundering,-0.09
flout,-0.2
fluster,-0.14
foe,-0.33
fool,-0.25
fooled,-0.17
foolhardy,-0.11
foolish,-0.14
foolishly,-0.11
foolishness,-0.09
forbid,-0.17
forbidden,-0.11
forbidding,-0.1
forceful,-0.12
foreboding,-0.1
forebodingly,-0.08
forfeit,-0.14
forged,-0.17
forgetful,-0.11
forgetfully,-0.09
forgetfulness,-0.08
forlorn,-0.14
forlornly,-0.11
forsake,-0.14
forsaken,-0.12
forswear,-0.12
foul,-0.25
foully,-0.17
foulness,-0.12
fractious,-0.11
fractiously,-0.09
fracture,-0.12
fragile,-0.14
fragmented,-0.1
frail,-0.2
frantic,-0.14
frantically,-0.09
franticly,-0.11
fraud,-0.2
fraudulent,-0.1
fraught,-0.14
frazzle,-0.14
frazzled,-0.12
freak,-0.2
freaking,-0.12
freakish,-0.12
freakishly,-0.1
freaks,-0.17
freeze,-0.17
freezes,-0.14
freezing,-0.12
frenetic,-0.12
frenetically,-0.08
frenzied,-0.12
frenzy,-0.17
fret,-0.25
fretful,-0.14
frets,-0.2
friction,-0.12
frictions,-0.11
fried,-0.2
friggin,-0.14
frigging,-0.12
fright,-0.17
frighten,-0.12
frightening,-0.09
frighteningly,-0.08
frightful,-0.11
frightfully,-0.09
frigid,-0.17
frost,-0.2
frown,-0.2
froze,-0.2
frozen,-0.17
fruitless,-0.11
fruitlessly,-0.09
frustrate,-0.11
frustrated,-0.1
frustrates,-0.1
frustrating,-0.09
frustratingly,-0.08
frustration,-0.09
frustrations,-0.08
fuck,-0.25
fucking,-0.14
fudge,-0.2
fugitive,-0.12
full-blown,0.0
fulminate,-0.11
fumble,-0.17
fume,-0.25
fumes,-0.2
fundamentalism,-0.07
funky,-0.2
funnily,-0.14
funny,-0.2
furious,-0.14
furiously,-0.11
furor,-0.2
fury,-0.25
fuss,-0.25
fussy,-0.2
fustigate,-0.11
fusty,-0.2
futile,-0.17
futilely,-0.12
futility,-0.12
fuzzy,-0.2
gabble,-0.17
gaff,-0.25
gaffe,-0.2
gainsay,-0.14
gainsayer,-0.11
gall,-0.25
galling,-0.14
gallingly,-0.11
galls,-0.2
gangster,-0.12
gape,-0.25
garbage,-0.14
garish,-0.17
gasp,-0.25
gauche,-0.17
gaudy,-0.2
gawk,-0.25
gawky,-0.2
geezer,-0.17
genocide,-0.12
get-rich,0.12
ghastly,-0.14
ghetto,-0.17
ghosting,-0.12
gibber,-0.17
gibberish,-0.11
gibe,-0.25
giddy,-0.2
gimmick,-0.14
gimmicked,-0.11
gimmicking,-0.1
gimmicks,-0.12
gimmicky,-0.12
glare,-0.2
glaringly,-0.11
glib,-0.25
glibly,-0.17
glitch,-0.17
glitches,-0.12
gloatingly,-0.1
gloom,-0.2
gloomy,-0.17
glower,-0.17
glum,-0.25
glut,-0.25
gnawing,-0.14
goad,-0.25
goading,-0.14
god-awful,-0.11
goof,-0.25
goofy,-0.2
goon,-0.25
gossip,-0.17
graceless,-0.11
gracelessly,-0.09
graft,-0.2
grainy,-0.17
grapple,-0.14
grate,-0.2
grating,-0.14
gravely,-0.14
greasy,-0.17
greed,-0.2
greedy,-0.17
grief,-0.2
grievance,-0.11
grievances,-0.1
grieve,-0.17
grieving,-0.12
grievous,-0.12
grievously,-0.1
grim,-0.25
grimace,-0.14
grind,-0.2
gripe,-0.2
gripes,-0.17
grisly,-0.17
gritty,-0.17
gross,-0.2
grossly,-0.14
grotesque,-0.11
grouch,-0.17
grouchy,-0.14
groundless,-0.1
grouse,-0.17
growl,-0.2
grudge,-0.17
grudges,-0.14
grudging,-0.12
grudgingly,-0.1
gruesome,-0.12
gruesomely,-0.1
gruff,-0.2
grumble,-0.14
grumpier,-0.12
grumpiest,-0.11
grumpily,-0.12
grumpish,-0.12
grumpy,-0.17
guile,-0.2
guilt,-0.2
guiltily,-0.12
guilty,-0.17
gullible,-0.12
gutless,-0.14
gutter,-0.17
hack,-0.25
hacks,-0.2
haggard,-0.14
haggle,-0.17
hairloss,-0.12
halfhearted,-0.09
halfheartedly,-0.08
hallucinate,-0.09
hallucination,-0.08
hamper,-0.17
hampered,-0.12
handicapped,-0.09
hang,-0.25
hangs,-0.2
haphazard,-0.11
hapless,-0.14
harangue,-0.12
harass,-0.17
harassed,-0.12
harasses,-0.12
harassment,-0.1
harboring,-0.11
harbors,0.0
hard,-0.25
hard-hit,-0.12
hard-line,-0.11
hard-liner,-0.1
hardball,-0.12
harden,-0.17
hardened,-0.12
hardheaded,-0.1
hardhearted,-0.09
hardliner,-0.11
hardliners,-0.1
hardship,-0.12
hardships,-0.11
harm,-0.25
harmed,-0.17
harmful,-0.14
harms,-0.2
harpy,-0.2
harridan,-0.12
harried,-0.14
harrow,-0.17
harsh,-0.2
harshly,-0.14
hasseling,-0.11
hassle,-0.17
hassled,-0.14
hassles,-0.14
haste,-0.2
hastily,-0.14
hasty,-0.2
hate,-0.25
hated,-0.2
hateful,-0.14
hatefully,-0.11
hatefulness,-0.09
hater,-0.2
haters,-0.17
hates,-0.2
hating,-0.17
hatred,-0.17
haughtily,-0.11
haughty,-0.14
haunt,-0.2
haunting,-0.12
havoc,-0.2
hawkish,-0.14
haywire,-0.14
hazard,-0.17
hazardous,-0.11
haze,-0.25
hazy,-0.25
head-aches,-0.1
headache,-0.12
headaches,-0.11
heartbreaker,-0.08
heartbreaking,-0.08
heartbreakingly,-0.07
heartless,-0.11
heathen,-0.14
heavy-handed,0.0
heavyhearted,-0.08
heck,-0.25
heckle,-0.17
heckled,-0.14
heckles,-0.14
hectic,-0.17
hedge,-0.2
hedonistic,-0.1
heedless,-0.12
hefty,-0.2
hegemonism,-0.1
hegemonistic,-0.08
hegemony,-0.12
heinous,-0.14
hell,-0.25
hell-bent,-0.22
hellion,-0.14
hells,-0.2
helpless,-0.12
helplessly,-0.1
helplessness,-0.08
heresy,-0.17
heretic,-0.14
heretical,-0.11
hesitant,-0.12
hestitant,-0.11
hideous,-0.14
hideously,-0.11
hideousness,-0.09
high-priced,0.0
hiliarious,-0.1
hinder,-0.17
hindrance,-0.11
hiss,-0.25
hissed,-0.17
hissing,-0.14
ho-hum,-0.17
hoard,-0.2
hoax,-0.25
hobble,-0.17
hogs,0.0
hollow,-0.17
hoodium,-0.14
hoodwink,-0.12
hooligan,-0.12
hopeless,-0.12
hopelessly,-0.1
hopelessness,-0.08
horde,-0.2
horrendous,-0.1
horrendously,-0.08
horrible,-0.12
horrid,-0.17
horrific,-0.12
horrified,-0.11
horrifies,-0.11
horrify,-0.14
horrifying,-0.1
horrifys,-0.12
hostage,-0.14
hostile,-0.14
hostilities,-0.09
hostility,-0.11
hotbeds,0.0
hothead,-0.14
hotheaded,-0.11
hothouse,-0.12
hubris,-0.17
huckster,-0.12
hum,-0.33
humid,-0.2
humiliate,-0.11
humiliating,-0.09
humiliation,-0.09
humming,-0.14
hung,-0.25
hurt,-0.25
hurted,-0.17
hurtful,-0.14
hurting,-0.14
hurts,-0.2
hustler,-0.14
hype,-0.25
hypocricy,-0.11
hypocrisy,-0.11
hypocrite,-0.11
hypocrites,-0.1
hypocritical,-0.08
hypocritically,-0.07
hysteria,-0.12
hysteric,-0.12
hysterical,-0.1
hysterically,-0.08
hysterics,-0.11
idiocies,-0.12
idiocy,-0.17
idiot,-0.2
idiotic,-0.14
idiotically,-0.09
idiots,-0.17
idle,-0.25
ignoble,-0.14
ignominious,-0.09
ignominiously,-0.08
ignominy,-0.12
ignorance,-0.11
ignorant,-0.12
ignore,-0.17
ill-advised,0.0
ill-conceived,0.0
ill-defined,0.0
ill-designed,0.0
ill-fated,0.0
ill-favored,0.09
ill-formed,0.0
ill-mannered,0.0
ill-natured,0.0
ill-sorted,0.0
ill-tempered,0.0
ill-treated,0.0
ill-treatment,0.0
ill-usage,0.0
ill-used,0.0
illegal,-0.14
illegally,-0.11
illegitimate,-0.08
illicit,-0.14
illiterate,-0.1
illness,-0.14
illogic,-0.14
illogical,-0.11
illogically,-0.09
illusion,-0.12
illusions,-0.11
illusory,-0.12
imaginary,-0.11
imbalance,-0.11
imbecile,-0.12
imbroglio,-0.11
immaterial,-0.1
immature,-0.12
imminence,-0.11
imminently,-0.1
immobilized,-0.09
immoderate,-0.1
immoderately,-0.08
immodest,-0.12
immoral,-0.14
immorality,-0.1
immorally,-0.11
immovable,-0.11
impair,-0.17
impaired,-0.12
impasse,-0.14
impatience,-0.1
impatient,-0.11
impatiently,-0.09
impeach,-0.14
impedance,-0.11
impede,-0.17
impediment,-0.1
impending,-0.11
impenitent,-0.1
imperfect,-0.11
imperfection,-0.08
imperfections,-0.08
imperfectly,-0.09
imperialist,-0.09
imperil,-0.14
imperious,-0.11
imperiously,-0.09
impermissible,-0.08
impersonal,-0.1
impertinent,-0.09
impetuous,-0.11
impetuously,-0.09
impiety,-0.14
impinge,-0.14
impious,-0.14
implacable,-0.1
implausible,-0.09
implausibly,-0.09
implicate,-0.11
implication,-0.09
implode,-0.14
impolite,-0.12
impolitely,-0.1
impolitic,-0.11
importunate,-0.09
importune,-0.11
impose,-0.17
imposers,-0.12
imposing,-0.12
imposition,-0.1
impossible,-0.1
impossiblity,-0.08
impossibly,-0.1
impotent,-0.12
impoverish,-0.1
impoverished,-0.08
impractical,-0.09
imprecate,-0.11
imprecise,-0.11
imprecisely,-0.09
imprecision,-0.09
imprison,-0.12
imprisonment,-0.08
improbability,-0.08
improbable,-0.1
improbably,-0.1
improper,-0.12
improperly,-0.1
impropriety,-0.09
imprudence,-0.1
imprudent,-0.11
impudence,-0.11
impudent,-0.12
impudently,-0.1
impugn,-0.17
impulsive,-0.11
impulsively,-0.09
impunity,-0.12
impure,-0.17
impurity,-0.12
inability,-0.11
inaccuracies,-0.08
inaccuracy,-0.1
inaccurate,-0.1
inaccurately,-0.08
inaction,-0.12
inactive,-0.12
inadequacy,-0.1
inadequate,-0.1
inadequately,-0.08
inadverent,-0.1
inadverently,-0.08
inadvisable,-0.09
inadvisably,-0.09
inane,-0.2
inanely,-0.14
inappropriate,-0.08
inappropriately,-0.07
inapt,-0.2
inaptitude,-0.1
inarticulate,-0.08
inattentive,-0.09
inaudible,-0.11
incapable,-0.11
incapably,-0.11
incautious,-0.1
incendiary,-0.1
incense,-0.14
incessant,-0.11
incessantly,-0.09
incite,-0.17
incitement,-0.1
incivility,-0.1
inclement,-0.11
incognizant,-0.09
incoherence,-0.09
incoherent,-0.1
incoherently,-0.08
incommensurate,-0.07
incomparable,-0.08
incomparably,-0.08
incompatability,-0.07
incompatibility,-0.07
incompatible,-0.08
incompetence,-0.08
incompetent,-0.09
incompetently,-0.08
incomplete,-0.1
incompliant,-0.09
incomprehensible,-0.06
incomprehension,-0.07
inconceivable,-0.08
inconceivably,-0.08
incongruous,-0.09
incongruously,-0.08
inconsequent,-0.08
inconsequential,-0.07
inconsequentially,-0.06
inconsequently,-0.07
inconsiderate,-0.08
inconsiderately,-0.07
inconsistence,-0.08
inconsistencies,-0.07
inconsistency,-0.08
inconsistent,-0.08
inconsolable,-0.08
inconsolably,-0.08
inconstant,-0.1
inconvenience,-0.08
inconveniently,-0.07
incorrect,-0.11
incorrectly,-0.09
incorrigible,-0.08
incorrigibly,-0.08
incredulous,-0.09
incredulously,-0.08
inculcate,-0.11
indecency,-0.11
indecent,-0.12
indecently,-0.1
indecision,-0.1
indecisive,-0.1
indecisively,-0.08
indecorum,-0.11
indefensible,-0.08
indelicate,-0.1
indeterminable,-0.07
indeterminably,-0.07
indeterminate,-0.08
indifference,-0.08
indifferent,-0.09
indigent,-0.12
indignant,-0.11
indignantly,-0.09
indignation,-0.09
indignity,-0.11
indiscernible,-0.08
indiscreet,-0.1
indiscreetly,-0.08
indiscretion,-0.08
indiscriminate,-0.07
indiscriminately,-0.06
indiscriminating,-0.06
indistinguishable,-0.06
indoctrinate,-0.08
indoctrination,-0.07
indolent,-0.12
indulge,-0.14
ineffective,-0.09
ineffectively,-0.08
ineffectiveness,-0.07
ineffectual,-0.09
ineffectually,-0.08
ineffectualness,-0.07
inefficacious,-0.08
inefficacy,-0.1
inefficiency,-0.08
inefficient,-0.09
inefficiently,-0.08
inelegance,-0.1
inelegant,-0.11
ineligible,-0.1
ineloquent,-0.1
ineloquently,-0.08
inept,-0.2
ineptitude,-0.1
ineptly,-0.14
inequalities,-0.08
inequality,-0.1
inequitable,-0.09
inequitably,-0.09
inequities,0.0
inescapable,-0.09
inescapably,-0.09
inessential,-0.09
inevitable,-0.1
inevitably,-0.1
inexcusable,-0.09
inexcusably,-0.09
inexorable,-0.1
inexorably,-0.1
inexperience,-0.08
inexperienced,-0.08
inexpert,-0.12
inexpertly,-0.1
inexpiable,-0.1
inexplainable,-0.08
inextricable,-0.08
inextricably,-0.08
infamous,-0.12
infamously,-0.1
infamy,-0.17
infected,-0.12
infection,-0.11
infections,-0.1
inferior,-0.12
inferiority,-0.09
infernal,-0.12
infest,-0.17
infested,-0.12
infidel,-0.14
infidels,-0.12
infiltrator,-0.09
infiltrators,-0.08
infirm,-0.17
inflame,-0.14
inflammation,-0.08
inflammatory,-0.08
inflammed,-0.11
inflated,-0.12
inflationary,-0.08
inflexible,-0.1
inflict,-0.14
infraction,-0.1
infringe,-0.12
infringement,-0.08
infringements,-0.08
infuriate,-0.11
infuriated,-0.1
infuriating,-0.09
infuriatingly,-0.08
inglorious,-0.1
ingrate,-0.14
ingratitude,-0.09
inhibit,-0.14
inhibition,-0.1
inhospitable,-0.08
inhospitality,-0.08
inhuman,-0.14
inhumane,-0.12
inhumanity,-0.1
inimical,-0.12
inimically,-0.1
iniquitous,-0.1
iniquity,-0.12
injudicious,-0.09
injure,-0.17
injurious,-0.11
injury,-0.17
injustice,-0.11
injustices,-0.1
innuendo,-0.12
inoperable,-0.1
inopportune,-0.09
inordinate,-0.1
inordinately,-0.08
insane,-0.17
insanely,-0.12
insanity,-0.12
insatiable,-0.1
insecure,-0.12
insecurity,-0.1
insensible,-0.1
insensitive,-0.09
insensitively,-0.08
insensitivity,-0.08
insidious,-0.11
insidiously,-0.09
insignificance,-0.07
insignificant,-0.08
insignificantly,-0.07
insincere,-0.11
insincerely,-0.09
insincerity,-0.09
insinuate,-0.11
insinuating,-0.09
insinuation,-0.09
insociable,-0.1
insolence,-0.11
insolent,-0.12
insolently,-0.1
insolvent,-0.11
insouciance,-0.09
instability,-0.09
instable,-0.12
instigate,-0.11
instigator,-0.1
instigators,-0.09
insubordinate,-0.08
insubstantial,-0.08
insubstantially,-0.07
insufferable,-0.08
insufferably,-0.08
insufficiency,-0.08
insufficient,-0.08
insufficiently,-0.07
insular,-0.14
insult,-0.17
insulted,-0.12
insulting,-0.11
insultingly,-0.09
insults,-0.14
insupportable,-0.08
insupportably,-0.08
insurmountable,-0.07
insurmountably,-0.07
insurrection,-0.08
intefere,-0.12
inteferes,-0.11
intense,-0.14
interfere,-0.11
interference,-0.08
interferes,-0.1
intermittent,-0.08
interrupt,-0.11
interruption,-0.08
interruptions,-0.08
intimidate,-0.1
intimidating,-0.08
intimidatingly,-0.07
intimidation,-0.08
intolerable,-0.09
intolerablely,-0.08
intolerance,-0.09
intoxicate,-0.1
intractable,-0.09
intransigence,-0.08
intransigent,-0.08
intrude,-0.14
intrusion,-0.11
intrusive,-0.11
inundate,-0.12
inundated,-0.11
invader,-0.14
invalid,-0.14
invalidate,-0.1
invalidity,-0.1
invasive,-0.12
invective,-0.11
inveigle,-0.12
invidious,-0.11
invidiously,-0.09
invidiousness,-0.08
invisible,-0.11
involuntarily,-0.08
involuntary,-0.09
irascible,-0.11
irate,-0.2
irately,-0.14
ire,-0.33
irk,-0.33
irked,-0.2
irking,-0.17
irks,-0.25
irksome,-0.14
irksomely,-0.11
irksomeness,-0.09
irksomenesses,-0.08
ironic,-0.17
ironical,-0.12
ironically,-0.1
ironies,-0.14
irony,-0.2
irragularity,-0.08
irrational,-0.1
irrationalities,-0.07
irrationality,-0.08
irrationally,-0.08
irrationals,-0.09
irreconcilable,-0.07
irrecoverable,-0.08
irrecoverableness,-0.06
irrecoverablenesses,-0.05
irrecoverably,-0.08
irredeemable,-0.08
irredeemably,-0.08
irreformable,-0.08
irregular,-0.11
irregularity,-0.08
irrelevance,-0.09
irrelevant,-0.1
irreparable,-0.09
irreplacible,-0.08
irrepressible,-0.08
irresolute,-0.1
irresolvable,-0.08
irresponsible,-0.08
irresponsibly,-0.08
irretating,-0.1
irretrievable,-0.08
irreversible,-0.08
irritable,-0.11
irritably,-0.11
irritant,-0.12
irritate,-0.12
irritated,-0.11
irritating,-0.1
irritation,-0.1
irritations,-0.09
isolate,-0.14
isolated,-0.12
isolation,-0.11
issue,-0.2
issues,-0.17
itch,-0.25
itching,-0.14
itchy,-0.2
jabber,-0.17
jaded,-0.2
jagged,-0.17
jam,-0.33
jarring,-0.14
jaundiced,-0.11
jealous,-0.14
jealously,-0.11
jealousness,-0.09
jealousy,-0.12
jeer,-0.25
jeering,-0.14
jeeringly,-0.11
jeers,-0.2
jeopardize,-0.1
jeopardy,-0.12
jerk,-0.25
jerky,-0.2
jitter,-0.17
jitters,-0.14
jittery,-0.14
job-killing,-0.09
jobless,-0.14
joke,-0.25
joker,-0.2
jolt,-0.25
judder,-0.17
juddering,-0.11
judders,-0.14
jumpy,-0.2
junk,-0.25
junky,-0.2
junkyard,-0.12
jutter,-0.17
jutters,-0.14
kaput,-0.2
kill,-0.25
killed,-0.17
killer,-0.17
killing,-0.14
killjoy,-0.14
kills,-0.2
knave,-0.2
knife,-0.2
knock,-0.2
knotted,-0.14
kook,-0.25
kooky,-0.2
lack,-0.25
lackadaisical,-0.08
lacked,-0.17
lackey,-0.17
lackeys,-0.14
lacking,-0.14
lackluster,-0.1
lacks,-0.2
laconic,-0.14
lag,-0.33
lagged,-0.17
lagging,-0.14
laggy,-0.2
lags,-0.25
laid-off,0.0
lambast,-0.14
lambaste,-0.12
lame,-0.25
lame-duck,-0.11
lament,-0.17
lamentable,-0.1
lamentably,-0.1
languid,-0.14
languish,-0.12
languor,-0.14
languorous,-0.1
languorously,-0.08
lanky,-0.2
lapse,-0.2
lapsed,-0.17
lapses,-0.17
lascivious,-0.1
last-ditch,0.0
latency,-0.14
laughable,-0.11
laughably,-0.11
laughingstock,-0.08
lawbreaker,-0.1
lawbreaking,-0.09
lawless,-0.14
lawlessness,-0.09
layoff,-0.17
layoff-happy,0.0
lazy,-0.25
leak,-0.25
leakage,-0.14
leakages,-0.12
leaking,-0.14
leaks,-0.2
leaky,-0.2
lech,-0.25
lecher,-0.17
lecherous,-0.11
lechery,-0.14
leech,-0.2
leer,-0.25
leery,-0.2
left-leaning,0.0
lemon,-0.2
lengthy,-0.14
less-developed,0.0
lesser-known,0.0
letch,-0.2
lethal,-0.17
lethargic,-0.11
lethargy,-0.12
lewd,-0.25
lewdly,-0.17
lewdness,-0.12
liability,-0.11
liable,-0.17
liar,-0.25
liars,-0.2
licentious,-0.1
licentiously,-0.08
licentiousness,-0.07
lie,-0.33
lied,-0.25
lier,-0.25
lies,-0.25
life-threatening,-0.06
lifeless,-0.12
limit,-0.2
limitation,-0.1
limitations,-0.09
limited,-0.14
limits,-0.17
limp,-0.25
listless,-0.12
litigious,-0.11
little-known,0.0
livid,-0.2
lividly,-0.14
loath,-0.2
loathe,-0.17
loathing,-0.12
loathly,-0.14
loathsome,-0.11
loathsomely,-0.09
lone,-0.25
loneliness,-0.1
lonely,-0.17
loner,-0.2
lonesome,-0.12
long-time,0.0
long-winded,0.0
longing,-0.14
longingly,-0.11
loophole,-0.12
loopholes,-0.11
loose,-0.2
loot,-0.25
lorn,-0.25
lose,-0.25
loser,-0.2
losers,-0.17
loses,-0.2
losing,-0.17
loss,-0.25
losses,-0.17
lost,-0.25
loud,-0.25
louder,-0.17
lousy,-0.2
loveless,-0.12
lovelorn,-0.12
low-rated,0.0
lowly,-0.2
ludicrous,-0.11
ludicrously,-0.09
lugubrious,-0.1
lukewarm,-0.12
lull,-0.25
lumpy,-0.2
lunatic,-0.14
lunaticism,-0.1
lurch,-0.2
lure,-0.25
lurid,-0.2
lurk,-0.25
lurking,-0.14
lying,-0.2
macabre,-0.14
mad,-0.33
madden,-0.17
maddening,-0.11
maddeningly,-0.09
madder,-0.17
madly,-0.2
madman,-0.17
madness,-0.14
maladjusted,-0.09
maladjustment,-0.08
malady,-0.17
malaise,-0.14
malcontent,-0.1
malcontented,-0.08
maledict,-0.12
malevolence,-0.09
malevolent,-0.1
malevolently,-0.08
malice,-0.17
malicious,-0.11
maliciously,-0.09
maliciousness,-0.08
malign,-0.17
malignant,-0.11
malodorous,-0.1
maltreatment,-0.08
mangle,-0.17
mangled,-0.14
mangles,-0.14
mangling,-0.12
mania,-0.2
maniac,-0.17
maniacal,-0.12
manic,-0.2
manipulate,-0.1
manipulation,-0.08
manipulative,-0.08
manipulators,0.0
mar,-0.33
marginal,-0.12
marginally,-0.1
martyrdom,-0.11
martyrdom-seeking,-0.06
mashed,-0.17
massacre,-0.12
massacres,-0.11
matte,-0.2
mawkish,-0.14
mawkishly,-0.11
mawkishness,-0.09
meager,-0.17
meaningless,-0.09
meanness,-0.12
measly,-0.17
meddle,-0.17
meddlesome,-0.1
mediocre,-0.12
mediocrity,-0.1
melancholy,-0.1
melodramatic,-0.08
melodramatically,-0.06
meltdown,-0.12
menace,-0.17
menacing,-0.12
menacingly,-0.1
mendacious,-0.1
mendacity,-0.11
menial,-0.17
merciless,-0.11
mercilessly,-0.09
mess,-0.25
messed,-0.17
messes,-0.17
messing,-0.14
messy,-0.2
midget,-0.17
miff,-0.25
militancy,-0.11
mindless,-0.12
mindlessly,-0.1
mirage,-0.17
mire,-0.25
misalign,-0.12
misaligned,-0.1
misaligns,-0.11
misapprehend,-0.08
misbecome,-0.11
misbecoming,-0.09
misbegotten,-0.09
misbehave,-0.11
misbehavior,-0.09
miscalculate,-0.08
miscalculation,-0.07
miscellaneous,-0.08
mischief,-0.12
mischievous,-0.09
mischievously,-0.08
misconception,-0.08
misconceptions,-0.07
miscreant,-0.11
miscreants,-0.1
misdirection,-0.08
miser,-0.2
miserable,-0.11
miserableness,-0.08
miserably,-0.11
miseries,-0.12
miserly,-0.14
misery,-0.17
misfit,-0.17
misfortune,-0.1
misgiving,-0.11
misgivings,-0.1
misguidance,-0.09
misguide,-0.12
misguided,-0.11
mishandle,-0.11
mishap,-0.17
misinform,-0.11
misinformed,-0.09
misinterpret,-0.08
misjudge,-0.12
misjudgment,-0.09
mislead,-0.14
misleading,-0.1
misleadingly,-0.08
mislike,-0.14
mismanage,-0.11
mispronounce,-0.08
mispronounced,-0.08
mispronounces,-0.08
misread,-0.14
misreading,-0.1
misrepresent,-0.08
misrepresentation,-0.06
miss,-0.25
missed,-0.17
misses,-0.17
misstatement,-0.08
mist,-0.25
mistake,-0.14
mistaken,-0.12
mistakenly,-0.1
mistakes,-0.12
mistified,-0.11
mistress,-0.12
mistrust,-0.12
mistrustful,-0.09
mistrustfully,-0.08
mists,-0.2
misunderstand,-0.08
misunderstanding,-0.06
misunderstandings,-0.06
misunderstood,-0.08
misuse,-0.17
moan,-0.25
mobster,-0.14
mock,-0.25
mocked,-0.17
mockeries,-0.11
mockery,-0.14
mocking,-0.14
mockingly,-0.11
mocks,-0.2
molest,-0.17
molestation,-0.09
monotonous,-0.1
monotony,-0.12
monster,-0.14
monstrosities,-0.08
monstrosity,-0.09
monstrous,-0.11
monstrously,-0.09
moody,-0.2
moot,-0.25
mope,-0.25
morbid,-0.17
morbidly,-0.12
mordant,-0.14
mordantly,-0.11
moribund,-0.12
moron,-0.2
moronic,-0.14
morons,-0.17
mortification,-0.08
mortified,-0.11
mortify,-0.14
mortifying,-0.1
motionless,-0.1
motley,-0.17
mourn,-0.2
mourner,-0.14
mournful,-0.12
mournfully,-0.1
muddle,-0.17
muddy,-0.2
mudslinger,-0.1
mudslinging,-0.09
mulish,-0.17
multi-polarization,0.0
mundane,-0.14
murder,-0.17
murderer,-0.12
murderous,-0.11
murderously,-0.09
murky,-0.2
muscle-flexing,0.0
mushy,-0.2
musty,-0.2
mysterious,-0.1
mysteriously,-0.08
mystery,-0.14
mystify,-0.14
myth,-0.25
nag,-0.33
nagging,-0.14
naive,-0.2
naively,-0.14
narrower,-0.12
nastily,-0.14
nastiness,-0.11
nasty,-0.2
naughty,-0.14
nauseate,-0.12
nauseates,-0.11
nauseating,-0.1
nauseatingly,-0.08
naï¿½ve,0.0
nebulous,-0.12
nebulously,-0.1
needless,0.0
needlessly,-0.1
needy,-0.2
nefarious,-0.11
nefariously,-0.09
negate,-0.17
negation,-0.12
negative,-0.12
negatives,-0.11
negativity,-0.1
neglect,-0.14
neglected,-0.11
negligence,-0.1
negligent,-0.11
nemesis,-0.14
nepotism,-0.12
nervous,-0.14
nervously,-0.11
nervousness,-0.09
nettle,-0.17
nettlesome,-0.1
neurotic,-0.12
neurotically,-0.08
niggle,-0.17
niggles,-0.14
nightmare,-0.11
nightmarish,-0.09
nightmarishly,-0.08
nitpick,-0.14
nitpicking,-0.1
noise,-0.2
noises,-0.17
noisier,-0.14
noisy,-0.2
non-confidence,0.07
nonexistent,-0.09
nonresponsive,-0.08
nonsense,-0.12
nosey,-0.2
notoriety,-0.11
notorious,-0.11
notoriously,-0.09
noxious,-0.14
nuisance,-0.12
numb,-0.25
obese,-0.2
object,-0.17
objection,-0.11
objectionable,-0.08
objections,-0.1
oblique,-0.14
obliterate,-0.1
obliterated,-0.09
oblivious,-0.11
obnoxious,-0.11
obnoxiously,-0.09
obscene,-0.14
obscenely,-0.11
obscenity,-0.11
obscure,-0.14
obscured,-0.12
obscures,-0.12
obscurity,-0.11
obsess,0.0
obsessive,-0.11
obsessively,-0.09
obsessiveness,-0.08
obsolete,-0.12
obstacle,-0.12
obstinate,-0.11
obstinately,-0.09
obstruct,-0.12
obstructed,-0.1
obstructing,-0.09
obstruction,-0.09
obstructs,-0.11
obtrusive,-0.11
obtuse,-0.17
occlude,-0.14
occluded,-0.12
occludes,-0.12
occluding,-0.11
odd,-0.33
odder,-0.2
oddest,-0.17
oddities,-0.12
oddity,-0.17
oddly,-0.2
odor,-0.25
offence,-0.14
offend,-0.17
offender,-0.12
offending,-0.11
offenses,0.0
offensive,-0.11
offensively,-0.09
offensiveness,-0.08
officious,-0.11
ominous,-0.14
ominously,-0.11
omission,-0.12
omit,-0.25
one-sided,0.0
onerous,-0.14
onerously,-0.11
onslaught,-0.11
opinionated,-0.09
opponent,-0.12
opportunistic,-0.08
oppose,-0.17
opposition,-0.1
oppositions,-0.09
oppress,-0.14
oppression,-0.1
oppressive,-0.1
oppressively,-0.08
oppressiveness,-0.07
oppressors,0.0
ordeal,-0.17
orphan,-0.17
ostracize,-0.11
outbreak,-0.12
outburst,-0.12
outbursts,-0.11
outcast,-0.14
outcry,-0.17
outlaw,-0.17
outmoded,-0.12
outrage,-0.14
outraged,-0.12
outrageous,-0.1
outrageously,-0.08
outrageousness,-0.07
outrages,-0.12
outsider,-0.12
over-acted,0.0
over-awe,0.12
over-balanced,0.08
over-hyped,0.0
over-priced,0.0
over-valuation,0.0
overact,-0.14
overacted,-0.11
overawe,-0.14
overbalance,-0.09
overbalanced,-0.08
overbearing,-0.09
overbearingly,-0.08
overblown,-0.11
overdo,-0.17
overdone,-0.12
overdue,-0.14
overemphasize,-0.08
overheat,-0.12
overkill,-0.12
overloaded,-0.1
overlook,-0.12
overpaid,-0.12
overpayed,-0.11
overplay,-0.12
overpower,-0.11
overpriced,-0.1
overrated,-0.11
overreach,-0.11
overrun,-0.14
overshadow,-0.1
oversight,-0.11
oversights,-0.1
oversimplification,-0.06
oversimplified,-0.07
oversimplify,-0.08
oversize,-0.12
overstate,-0.11
overstated,-0.1
overstatement,-0.08
overstatements,-0.07
overstates,-0.1
overtaxed,-0.11
overthrow,-0.11
overthrows,-0.1
overturn,-0.12
overweight,-0.1
overwhelm,-0.11
overwhelmed,-0.09
overwhelming,-0.08
overwhelmingly,-0.07
overwhelms,-0.1
overzealous,-0.09
overzealously,-0.08
overzelous,-0.1
pain,-0.25
painful,-0.14
painfull,-0.12
painfully,-0.11
pains,-0.2
pale,-0.25
pales,-0.2
paltry,-0.17
pan,-0.33
pandemonium,-0.09
pander,-0.17
pandering,-0.11
panders,-0.14
panic,-0.2
panick,-0.17
panicked,-0.12
panicking,-0.11
panicky,-0.14
paradoxical,-0.09
paradoxically,-0.08
paralize,-0.12
paralyzed,-0.11
paranoia,-0.12
paranoid,-0.12
parasite,-0.12
pariah,-0.17
parody,-0.17
partiality,-0.1
partisan,-0.12
partisans,-0.11
passe,-0.2
passive,-0.14
passiveness,-0.09
pathetic,-0.12
pathetically,-0.08
patronize,-0.11
paucity,-0.14
pauper,-0.17
paupers,-0.14
payback,-0.14
peculiar,-0.12
peculiarly,-0.1
pedantic,-0.12
peeled,-0.17
peeve,-0.2
peeved,-0.17
peevish,-0.14
peevishly,-0.11
penalize,-0.12
penalty,-0.14
perfidious,-0.1
perfidity,-0.11
perfunctory,-0.09
peril,-0.2
perilous,-0.12
perilously,-0.1
perish,-0.17
pernicious,-0.1
perplex,-0.14
perplexed,-0.11
perplexing,-0.1
perplexity,-0.1
persecute,-0.11
persecution,-0.09
pertinacious,-0.08
pertinaciously,-0.07
pertinacity,-0.09
perturb,-0.14
perturbed,-0.11
pervasive,-0.11
perverse,-0.12
perversely,-0.1
perversion,-0.1
perversity,-0.1
pervert,-0.14
perverted,-0.11
perverts,-0.12
pessimism,-0.11
pessimistic,-0.09
pessimistically,-0.07
pest,-0.25
pestilent,-0.11
petrified,-0.11
petrify,-0.14
pettifog,-0.12
petty,-0.2
phobia,-0.17
phobic,-0.17
phony,-0.2
picket,-0.17
picketed,-0.12
picketing,-0.11
pickets,-0.14
picky,-0.2
pig,-0.33
pigs,-0.25
pillage,-0.14
pillory,-0.14
pimple,-0.17
pinch,-0.2
pique,-0.2
pitiable,-0.12
pitiful,-0.14
pitifully,-0.11
pitiless,-0.12
pitilessly,-0.1
pittance,-0.12
pity,-0.25
plagiarize,-0.1
plague,-0.17
plasticky,-0.11
plaything,-0.11
plea,-0.25
pleas,-0.2
plebeian,-0.12
plight,-0.17
plot,-0.25
plotters,0.0
ploy,-0.25
plunder,-0.14
plunderer,-0.11
pointless,-0.11
pointlessly,-0.09
poison,-0.17
poisonous,-0.11
poisonously,-0.09
pokey,-0.2
poky,-0.25
polarisation,-0.08
polemize,-0.12
pollute,-0.14
polluter,-0.12
polluters,-0.11
polution,-0.12
pompous,-0.14
poor,-0.25
poorer,-0.17
poorest,-0.14
poorly,-0.17
posturing,-0.11
pout,-0.25
poverty,-0.14
powerless,-0.11
prate,-0.2
pratfall,-0.12
prattle,-0.14
precarious,-0.1
precariously,-0.08
precipitate,-0.09
precipitous,-0.09
predatory,-0.11
predicament,-0.09
prejudge,-0.12
prejudice,-0.11
prejudices,-0.1
prejudicial,-0.09
premeditated,-0.08
preoccupy,-0.11
preposterous,-0.08
preposterously,-0.07
presumptuous,-0.08
presumptuously,-0.07
pretence,-0.12
pretend,-0.14
pretense,-0.12
pretentious,-0.09
pretentiously,-0.08
prevaricate,-0.09
pricey,-0.17
pricier,-0.14
prick,-0.2
prickle,-0.14
prickles,-0.12
prideful,-0.12
prik,-0.25
primitive,-0.11
prison,-0.17
prisoner,-0.12
problem,-0.14
problematic,-0.09
problems,-0.12
procrastinate,-0.08
procrastinates,-0.07
procrastination,-0.07
profane,-0.14
profanity,-0.11
prohibit,-0.12
prohibitive,-0.09
prohibitively,-0.08
propaganda,-0.1
propagandize,-0.08
proprietary,-0.09
prosecute,-0.11
protest,-0.14
protested,-0.11
protesting,-0.1
protests,-0.12
protracted,-0.1
provocation,-0.09
provocative,-0.09
provoke,-0.14
pry,-0.33
pugnacious,-0.1
pugnaciously,-0.08
pugnacity,-0.11
punch,-0.2
punish,-0.17
punishable,-0.1
punitive,-0.12
punk,-0.25
puny,-0.25
puppet,-0.17
puppets,-0.14
puzzled,-0.14
puzzlement,-0.1
puzzling,-0.12
quack,-0.2
qualm,-0.2
qualms,-0.17
quandary,-0.12
quarrel,-0.14
quarrellous,-0.09
quarrellously,-0.08
quarrels,-0.12
quarrelsome,-0.09
quash,-0.2
queer,-0.2
questionable,-0.08
quibble,-0.14
quibbles,-0.12
quitter,-0.14
rabid,-0.2
racism,-0.17
racist,-0.17
racists,-0.14
racy,-0.25
radical,-0.14
radicalization,-0.07
radically,-0.11
radicals,-0.12
rage,-0.25
ragged,-0.17
raging,-0.17
rail,-0.25
raked,-0.2
rampage,-0.14
rampant,-0.14
ramshackle,-0.1
rancor,-0.17
randomly,-0.12
rankle,-0.17
rant,-0.25
ranted,-0.17
ranting,-0.14
rantingly,-0.11
rants,-0.2
rape,-0.25
raped,-0.2
raping,-0.17
rascal,-0.17
rascals,-0.14
rash,-0.25
rattle,-0.17
rattled,-0.14
rattles,-0.14
ravage,-0.17
raving,-0.17
reactionary,-0.09
rebellious,-0.1
rebuff,-0.17
rebuke,-0.17
recalcitrant,-0.08
recant,-0.17
recession,-0.11
recessionary,-0.08
reckless,-0.12
recklessly,-0.1
recklessness,-0.08
recoil,-0.17
recourses,0.0
redundancy,-0.1
redundant,-0.11
refusal,-0.14
refuse,-0.17
refused,-0.14
refuses,-0.14
refusing,-0.12
refutation,-0.1
refute,-0.17
refuted,-0.14
refutes,-0.14
refuting,-0.12
regress,-0.14
regression,-0.1
regressive,-0.1
regret,-0.17
regreted,-0.12
regretful,-0.11
regretfully,-0.09
regrets,-0.14
regrettable,-0.09
regrettably,-0.09
regretted,-0.11
reject,-0.17
rejected,-0.12
rejecting,-0.11
rejection,-0.11
rejects,-0.14
relapse,-0.14
relentless,-0.1
relentlessly,-0.08
relentlessness,-0.07
reluctance,-0.1
reluctant,-0.11
reluctantly,-0.09
remorse,-0.14
remorseful,-0.1
remorsefully,-0.08
remorseless,-0.09
remorselessly,-0.08
remorselessness,-0.07
renounce,-0.12
renunciation,-0.08
repel,-0.2
repetitive,-0.1
reprehensible,-0.08
reprehensibly,-0.08
reprehension,-0.08
reprehensive,-0.08
repress,-0.14
repression,-0.1
repressive,-0.1
reprimand,-0.11
reproach,-0.12
reproachful,-0.09
reprove,-0.14
reprovingly,-0.09
repudiate,-0.11
repudiation,-0.09
repugn,-0.17
repugnance,-0.1
repugnant,-0.11
repugnantly,-0.09
repulse,-0.14
repulsed,-0.12
repulsing,-0.11
repulsive,-0.11
repulsively,-0.09
repulsiveness,-0.08
resent,-0.17
resentful,-0.11
resentment,-0.1
resignation,-0.09
resigned,-0.12
resistance,-0.1
restless,-0.12
restlessness,-0.08
restrict,-0.12
restricted,-0.1
restriction,-0.09
restrictive,-0.09
resurgent,-0.11
retaliate,-0.11
retaliatory,-0.09
retard,-0.17
retarded,-0.12
retardedness,-0.08
retards,-0.14
reticent,-0.12
retract,-0.14
retreat,-0.14
retreated,-0.11
revenge,-0.14
revengeful,-0.1
revengefully,-0.08
revert,-0.17
revile,-0.17
reviled,-0.14
revoke,-0.17
revolt,-0.17
revolting,-0.11
revoltingly,-0.09
revulsion,-0.11
revulsive,-0.11
rhapsodize,-0.1
rhetoric,-0.12
rhetorical,-0.1
ricer,-0.2
ridicule,-0.12
ridicules,-0.11
ridiculous,-0.1
ridiculously,-0.08
rife,-0.25
rift,-0.25
rifts,-0.2
rigid,-0.2
rigidity,-0.12
rigidness,-0.11
rile,-0.25
riled,-0.2
rip,-0.33
rip-off,-0.14
ripoff,-0.17
ripped,-0.17
risk,-0.25
risks,-0.2
risky,-0.2
rival,-0.2
rivalry,-0.14
roadblocks,0.0
rocky,-0.2
rogue,-0.2
rollercoaster,-0.08
rot,-0.33
rotten,-0.17
rough,-0.2
rremediable,-0.09
rubbish,-0.14
rude,-0.25
rue,-0.33
ruffian,-0.14
ruffle,-0.17
ruin,-0.25
ruined,-0.17
ruining,-0.14
ruinous,-0.14
ruins,-0.2
rumbling,-0.12
rumor,-0.2
rumors,-0.17
rumours,0.0
rumple,-0.17
run-down,0.0
runaway,-0.14
rupture,-0.14
rust,-0.25
rusts,-0.2
rusty,-0.2
rut,-0.33
ruthless,-0.12
ruthlessly,-0.1
ruthlessness,-0.08
ruts,-0.25
sabotage,-0.12
sack,-0.25
sacrificed,-0.1
sad,-0.33
sadden,-0.17
sadly,-0.2
sadness,-0.14
sag,-0.33
sagged,-0.17
sagging,-0.14
saggy,-0.2
sags,-0.25
salacious,-0.11
sanctimonious,-0.08
sap,-0.33
sarcasm,-0.14
sarcastic,-0.11
sarcastically,-0.08
sardonic,-0.12
sardonically,-0.08
sass,0.0
satirical,-0.11
satirize,-0.12
savage,-0.17
savaged,-0.14
savagery,-0.12
savages,-0.14
scaly,-0.2
scam,-0.25
scams,-0.2
scandal,-0.14
scandalize,-0.1
scandalized,-0.09
scandalous,-0.1
scandalously,-0.08
scandals,-0.12
scandel,-0.14
scandels,-0.12
scant,-0.2
scapegoat,-0.11
scar,-0.25
scarce,-0.17
scarcely,-0.12
scarcity,-0.12
scare,-0.2
scared,-0.17
scarier,-0.14
scariest,-0.12
scarily,-0.14
scarred,-0.14
scars,-0.2
scary,-0.2
scathing,-0.12
scathingly,-0.1
sceptical,-0.11
scoff,-0.2
scoffingly,-0.1
scold,-0.2
scolded,-0.14
scolding,-0.12
scoldingly,-0.1
scorching,-0.11
scorchingly,-0.09
scorn,-0.2
scornful,-0.12
scornfully,-0.1
scoundrel,-0.11
scourge,-0.14
scowl,-0.2
scramble,-0.12
scrambled,-0.11
scrambles,-0.11
scrambling,-0.1
scrap,-0.2
scratch,-0.14
scratched,-0.11
scratches,-0.11
scratchy,-0.12
scream,-0.17
screech,-0.14
screw-up,0.0
screwed,-0.14
screwed-up,-0.1
screwy,-0.17
scuff,-0.2
scuffs,-0.17
scum,-0.25
scummy,-0.17
second-class,0.0
second-tier,0.0
secretive,-0.11
sedentary,-0.11
seedy,-0.2
seethe,-0.17
seething,-0.12
self-coup,0.0
self-criticism,-0.07
self-defeating,0.07
self-destructive,-0.06
self-humiliation,-0.06
self-interest,0.0
self-interested,0.0
self-serving,0.0
selfinterested,-0.07
selfish,-0.14
selfishly,-0.11
selfishness,-0.09
semi-retarded,-0.08
senile,-0.17
sensationalize,-0.07
senseless,-0.11
senselessly,-0.09
seriousness,-0.09
sermonize,-0.11
servitude,-0.11
set-up,0.0
setback,-0.14
setbacks,-0.12
sever,-0.2
severe,-0.17
severity,-0.12
sh*t,0.0
shabby,-0.17
shadowy,-0.14
shady,-0.2
shake,-0.2
shaky,-0.2
shallow,-0.14
sham,-0.25
shambles,0.0
shame,-0.2
shameful,-0.12
shamefully,-0.1
shamefulness,-0.08
shameless,-0.11
shamelessly,-0.09
shamelessness,-0.08
shark,-0.2
sharply,-0.14
shatter,-0.14
shemale,-0.14
shimmer,-0.14
shimmy,-0.17
shipwreck,-0.11
shirk,-0.2
shirker,-0.14
shit,-0.25
shiver,-0.17
shock,-0.2
shocked,-0.14
shocking,-0.12
shockingly,-0.1
shoddy,-0.17
short-lived,0.0
shortage,-0.12
shortchange,-0.09
shortcoming,-0.09
shortcomings,-0.08
shortness,-0.11
shortsighted,-0.08
shortsightedness,-0.06
showdown,-0.12
shrew,-0.2
shriek,-0.17
shrill,-0.17
shrilly,-0.14
shrivel,-0.14
shroud,-0.17
shrouded,-0.12
shrug,-0.2
shun,-0.25
shunned,-0.14
sick,-0.25
sicken,-0.17
sickening,-0.11
sickeningly,-0.09
sickly,-0.17
sickness,-0.12
sidetrack,-0.11
sidetracked,-0.09
siege,-0.2
sillily,-0.14
silly,-0.2
simplistic,-0.1
simplistically,-0.07
sin,-0.33
sinful,-0.17
sinfully,-0.12
sinister,-0.12
sinisterly,-0.1
sink,-0.25
sinking,-0.14
skeletons,0.0
skeptic,-0.14
skeptical,-0.11
skeptically,-0.09
skepticism,-0.1
sketchy,-0.14
skimpy,-0.17
skinny,-0.17
skittish,-0.12
skittishly,-0.1
skulk,-0.2
slack,-0.2
slander,-0.14
slanderer,-0.11
slanderous,-0.1
slanderously,-0.08
slanders,-0.12
slap,-0.25
slashing,-0.12
slaughter,-0.11
slaughtered,-0.09
slave,-0.2
slaves,-0.17
sleazy,-0.17
slime,-0.2
slog,-0.25
slogged,-0.14
slogging,-0.12
slogs,-0.2
sloooooooooooooow,-0.06
sloooow,-0.14
slooow,-0.17
sloow,-0.2
sloppily,-0.12
sloppy,-0.17
sloth,-0.2
slothful,-0.12
slow,-0.25
slow-moving,-0.09
slowed,-0.17
slower,-0.17
slowest,-0.14
slowly,-0.17
sloww,-0.2
slowww,-0.17
slowwww,-0.14
slug,-0.25
sluggish,-0.12
slump,-0.2
slumping,-0.12
slumpping,-0.11
slur,-0.25
slut,-0.25
sluts,-0.2
sly,-0.33
smack,-0.2
smallish,-0.12
smash,-0.2
smear,-0.2
smell,-0.2
smelled,-0.14
smelling,-0.12
smells,-0.17
smelly,-0.17
smelt,-0.2
smoke,-0.2
smokescreen,-0.09
smolder,-0.14
smoldering,-0.1
smother,-0.14
smoulder,-0.12
smouldering,-0.09
smudge,-0.17
smudged,-0.14
smudges,-0.14
smudging,-0.12
smug,-0.25
smugly,-0.17
smut,-0.25
smuttier,-0.12
smuttiest,-0.11
smutty,-0.17
snag,-0.25
snagged,-0.14
snagging,-0.12
snags,-0.2
snappish,-0.12
snappishly,-0.1
snare,-0.2
snarky,-0.17
snarl,-0.2
sneak,-0.2
sneakily,-0.12
sneaky,-0.17
sneer,-0.2
sneering,-0.12
sneeringly,-0.1
snob,-0.25
snobbish,-0.12
snobby,-0.17
snobish,-0.14
snobs,-0.2
snub,-0.25
so-cal,0.0
soapy,-0.2
sob,-0.33
sober,-0.2
sobering,-0.12
solemn,-0.17
solicitude,-0.1
somber,-0.17
sore,-0.25
sorely,-0.17
soreness,-0.12
sorrow,-0.17
sorrowful,-0.11
sorrowfully,-0.09
sorry,-0.2
sour,-0.25
sourly,-0.17
spade,-0.2
spank,-0.2
spendy,-0.17
spew,-0.25
spewed,-0.17
spewing,-0.14
spews,-0.2
spilling,-0.12
spinster,-0.12
spiritless,-0.1
spite,-0.2
spiteful,-0.12
spitefully,-0.1
spitefulness,-0.08
splatter,-0.12
split,-0.2
splitting,-0.11
spoil,-0.2
spoilage,-0.12
spoilages,-0.11
spoiled,-0.14
spoilled,-0.12
spoils,-0.17
spook,-0.2
spookier,-0.12
spookiest,-0.11
spookily,-0.12
spooky,-0.17
spoon-fed,0.0
spoon-feed,0.0
spoonfed,-0.12
sporadic,-0.12
spotty,-0.17
spurious,-0.12
spurn,-0.2
sputter,-0.14
squabble,-0.12
squabbling,-0.1
squander,-0.12
squash,-0.17
squeak,-0.17
squeaks,-0.14
squeaky,-0.14
squeal,-0.17
squealing,-0.11
squeals,-0.14
squirm,-0.17
stab,-0.25
stagnant,-0.12
stagnate,-0.12
stagnation,-0.1
staid,-0.2
stain,-0.2
stains,-0.17
stale,-0.2
stalemate,-0.11
stall,-0.2
stalls,-0.17
stammer,-0.14
stampede,-0.12
standstill,-0.1
stark,-0.2
starkly,-0.14
startle,-0.14
startling,-0.11
startlingly,-0.09
starvation,-0.1
starve,-0.17
static,-0.17
steal,-0.2
stealing,-0.12
steals,-0.17
steep,-0.2
steeply,-0.14
stench,-0.17
stereotype,-0.1
stereotypical,-0.08
stereotypically,-0.07
stern,-0.2
stew,-0.25
sticky,-0.17
stiff,-0.2
stiffness,-0.11
stifle,-0.17
stifling,-0.12
stiflingly,-0.1
stigma,-0.17
stigmatize,-0.1
sting,-0.2
stinging,-0.12
stingingly,-0.1
stingy,-0.17
stink,-0.2
stinks,-0.17
stodgy,-0.17
stole,-0.2
stolen,-0.17
stooge,-0.17
stooges,-0.14
stormy,-0.17
straggle,-0.12
straggler,-0.11
strain,-0.17
strained,-0.12
straining,-0.11
strange,-0.14
strangely,-0.11
stranger,-0.12
strangest,-0.11
strangle,-0.12
streaky,-0.14
strenuous,-0.11
stress,-0.17
stresses,-0.12
stressful,-0.11
stressfully,-0.09
stricken,-0.12
strict,-0.17
strictly,-0.12
strident,-0.12
stridently,-0.1
strife,-0.17
strike,-0.17
stringent,-0.11
stringently,-0.09
struck,-0.17
struggle,-0.12
struggled,-0.11
struggles,-0.11
struggling,-0.1
strut,-0.2
stubborn,-0.12
stubbornly,-0.1
stubbornness,-0.08
stuck,-0.2
stuffy,-0.17
stumble,-0.14
stumbled,-0.12
stumbles,-0.12
stump,-0.2
stumped,-0.14
stumps,-0.17
stun,-0.25
stunt,-0.2
stunted,-0.14
stupid,-0.17
stupidest,-0.11
stupidity,-0.11
stupidly,-0.12
stupified,-0.11
stupify,-0.14
stupor,-0.17
stutter,-0.14
stuttered,-0.11
stuttering,-0.1
stutters,-0.12
sty,-0.33
stymied,-0.14
sub-par,0.0
subdued,-0.14
subjected,-0.11
subjection,-0.1
subjugate,-0.11
subjugation,-0.09
submissive,-0.1
subordinate,-0.09
subpoena,-0.12
subpoenas,-0.11
subservience,-0.08
subservient,-0.09
substandard,-0.09
subtract,-0.12
subversion,-0.1
subversive,-0.1
subversively,-0.08
subvert,-0.14
succumb,-0.14
suck,-0.25
sucked,-0.17
sucker,-0.17
sucks,-0.2
sucky,-0.2
sue,-0.33
sued,-0.25
sueing,-0.17
sues,-0.25
suffer,-0.17
suffered,-0.12
sufferer,-0.12
sufferers,-0.11
suffering,-0.11
suffers,-0.14
suffocate,-0.11
sugar-coat,0.0
sugar-coated,0.0
sugarcoated,-0.09
suicidal,-0.12
suicide,-0.14
sulk,-0.25
sullen,-0.17
sully,-0.2
sunder,-0.17
sunk,-0.25
sunken,-0.17
superficial,-0.09
superficiality,-0.07
superficially,-0.08
superfluous,-0.09
superstition,-0.08
superstitious,-0.08
suppress,-0.12
suppression,-0.09
surrender,-0.11
susceptible,-0.09
suspect,-0.14
suspicion,-0.11
suspicions,-0.1
suspicious,-0.1
suspiciously,-0.08
swagger,-0.14
swamped,-0.14
sweaty,-0.17
swelled,-0.14
swelling,-0.12
swindle,-0.14
swipe,-0.2
swollen,-0.14
symptom,-0.14
symptoms,-0.12
syndrome,-0.12
taboo,-0.2
tacky,-0.2
taint,-0.2
tainted,-0.14
tamper,-0.17
tangle,-0.17
tangled,-0.14
tangles,-0.14
tank,-0.25
tanked,-0.17
tanks,-0.2
tantrum,-0.14
tardy,-0.2
tarnish,-0.14
tarnished,-0.11
tarnishes,-0.11
tarnishing,-0.1
tattered,-0.12
taunt,-0.2
taunting,-0.12
tauntingly,-0.1
taunts,-0.17
taut,-0.25
tawdry,-0.17
taxing,-0.17
tease,-0.2
teasingly,-0.11
tedious,-0.14
tediously,-0.11
temerity,-0.12
temper,-0.17
tempest,-0.14
temptation,-0.1
tenderness,-0.1
tense,-0.2
tension,-0.14
tentative,-0.11
tentatively,-0.09
tenuous,-0.14
tenuously,-0.11
tepid,-0.2
terrible,-0.12
terribleness,-0.08
terribly,-0.12
terror,-0.17
terror-genic,-0.08
terrorism,-0.11
terrorize,-0.11
testily,-0.14
testy,-0.2
tetchily,-0.12
tetchy,-0.17
thankless,-0.11
thicker,-0.14
thirst,-0.17
thorny,-0.17
thoughtless,-0.09
thoughtlessly,-0.08
thoughtlessness,-0.07
thrash,-0.17
threat,-0.17
threaten,-0.12
threatening,-0.09
threats,-0.14
threesome,-0.11
throb,-0.2
throbbed,-0.12
throbbing,-0.11
throbs,-0.17
throttle,-0.12
thug,-0.25
thumb-down,0.0
thumbs-down,0.0
thwart,-0.17
time-consuming,0.0
timid,-0.2
timidity,-0.12
timidly,-0.14
timidness,-0.11
tin-y,0.0
tingled,-0.14
tingling,-0.12
tired,-0.2
tiresome,-0.12
tiring,-0.17
tiringly,-0.12
toil,-0.25
toll,-0.25
top-heavy,0.11
topple,-0.17
torment,-0.14
tormented,-0.11
torrent,-0.14
tortuous,-0.12
torture,-0.14
tortured,-0.12
tortures,-0.12
torturing,-0.11
torturous,-0.11
torturously,-0.09
totalitarian,-0.08
touchy,-0.17
toughness,-0.11
tout,-0.25
touted,-0.17
touts,-0.2
toxic,-0.2
traduce,-0.14
tragedy,-0.14
tragic,-0.17
tragically,-0.1
traitor,-0.14
traitorous,-0.1
traitorously,-0.08
tramp,-0.2
trample,-0.14
transgress,-0.1
transgression,-0.08
trap,-0.25
traped,-0.17
trapped,-0.14
trash,-0.2
trashed,-0.14
trashy,-0.17
trauma,-0.17
traumatic,-0.11
traumatically,-0.08
traumatize,-0.1
traumatized,-0.09
travesties,-0.1
travesty,-0.12
treacherous,-0.09
treacherously,-0.08
treachery,-0.11
treason,-0.14
treasonous,-0.1
trick,-0.2
tricked,-0.14
trickery,-0.12
tricky,-0.17
trivial,-0.14
trivialize,-0.1
trouble,-0.14
troubled,-0.12
troublemaker,-0.08
troubles,-0.12
troublesome,-0.09
troublesomely,-0.08
troubling,-0.11
troublingly,-0.09
truant,-0.17
tumble,-0.17
tumbled,-0.14
tumbles,-0.14
tumultuous,-0.1
turbulent,-0.11
turmoil,-0.14
twist,-0.2
twisted,-0.14
twists,-0.17
two-faced,0.0
two-faces,0.0
tyrannical,-0.1
tyrannically,-0.08
tyranny,-0.14
tyrant,-0.17
ugh,-0.33
uglier,-0.17
ugliest,-0.14
ugliness,-0.12
ugly,-0.25
ulterior,-0.12
ultimatum,-0.11
ultimatums,-0.1
ultra-hardline,0.0
un-viewable,0.09
unable,-0.17
unacceptable,-0.08
unacceptablely,-0.07
unacceptably,-0.08
unaccessible,-0.08
unaccustomed,-0.08
unachievable,-0.08
unaffordable,-0.08
unappealing,-0.09
unattractive,-0.08
unauthentic,-0.09
unavailable,-0.09
unavoidably,-0.09
unbearable,-0.1
unbearablely,-0.08
unbelievable,-0.08
unbelievably,-0.08
uncaring,-0.12
uncertain,-0.11
uncivil,-0.14
uncivilized,-0.09
unclean,-0.14
unclear,-0.14
uncollectible,-0.08
uncomfortable,-0.08
uncomfortably,-0.08
uncomfy,-0.14
uncompetitive,-0.08
uncompromising,-0.07
uncompromisingly,-0.06
unconfirmed,-0.09
unconstitutional,-0.06
uncontrolled,-0.08
unconvincing,-0.08
unconvincingly,-0.07
uncooperative,-0.08
uncouth,-0.14
uncreative,-0.1
undecided,-0.11
undefined,-0.11
undependability,-0.07
undependable,-0.08
undercut,-0.12
undercuts,-0.11
undercutting,-0.08
underdog,-0.12
underestimate,-0.08
underlings,0.0
undermine,-0.11
undermined,-0.1
undermines,-0.1
undermining,-0.09
underpaid,-0.11
underpowered,-0.08
undersized,-0.1
undesirable,-0.09
undetermined,-0.08
undid,-0.2
undignified,-0.09
undissolved,-0.09
undocumented,-0.08
undone,-0.17
undue,-0.2
unease,-0.17
uneasily,-0.12
uneasiness,-0.1
uneasy,-0.17
uneconomical,-0.08
unemployed,-0.1
unequal,-0.14
unethical,-0.11
uneven,-0.17
uneventful,-0.1
unexpected,-0.1
unexpectedly,-0.08
unexplained,-0.09
unfairly,-0.12
unfaithful,-0.1
unfaithfully,-0.08
unfamiliar,-0.1
unfavorable,-0.09
unfeeling,-0.11
unfinished,-0.1
unfit,-0.2
unforeseen,-0.1
unforgiving,-0.09
unfortunate,-0.09
unfortunately,-0.08
unfounded,-0.11
unfriendly,-0.1
unfulfilled,-0.09
unfunded,-0.12
ungovernable,-0.08
ungrateful,-0.1
unhappily,-0.11
unhappiness,-0.09
unhappy,-0.14
unhealthy,-0.11
unhelpful,-0.11
unilateralism,-0.08
unimaginable,-0.08
unimaginably,-0.08
unimportant,-0.09
uninformed,-0.1
uninsured,-0.11
unintelligible,-0.07
unintelligile,-0.08
unipolar,-0.12
unjust,-0.17
unjustifiable,-0.08
unjustifiably,-0.08
unjustified,-0.09
unjustly,-0.12
unkind,-0.17
unkindly,-0.12
unknown,-0.14
unlamentable,-0.08
unlamentably,-0.08
unlawful,-0.12
unlawfully,-0.1
unlawfulness,-0.08
unleash,-0.14
unlicensed,-0.1
unlikely,-0.12
unlucky,-0.14
unmoved,-0.14
unnatural,-0.11
unnaturally,-0.09
unnecessary,-0.09
unneeded,-0.12
unnerve,-0.14
unnerved,-0.12
unnerving,-0.11
unnervingly,-0.09
unnoticed,-0.11
unobserved,-0.1
unorthodox,-0.1
unorthodoxy,-0.09
unpleasant,-0.1
unpleasantries,-0.07
unpopular,-0.11
unpredictable,-0.08
unprepared,-0.1
unproductive,-0.08
unprofitable,-0.08
unprove,-0.14
unproved,-0.12
unproven,-0.12
unproves,-0.12
unproving,-0.11
unqualified,-0.09
unravel,-0.14
unraveled,-0.11
unreachable,-0.09
unreadable,-0.1
unrealistic,-0.09
unreasonable,-0.08
unreasonably,-0.08
unrelenting,-0.09
unrelentingly,-0.08
unreliability,-0.08
unreliable,-0.1
unresolved,-0.1
unresponsive,-0.08
unrest,-0.17
unruly,-0.17
unsafe,-0.17
unsatisfactory,-0.07
unsavory,-0.12
unscrupulous,-0.08
unscrupulously,-0.07
unsecure,-0.12
unseemly,-0.12
unsettle,-0.12
unsettled,-0.11
unsettling,-0.1
unsettlingly,-0.08
unskilled,-0.11
unsophisticated,-0.07
unsound,-0.14
unspeakable,-0.09
unspeakablely,-0.08
unspecified,-0.09
unstable,-0.12
unsteadily,-0.1
unsteadiness,-0.08
unsteady,-0.12
unsuccessful,-0.08
unsuccessfully,-0.07
unsupported,-0.09
unsupportive,-0.08
unsure,-0.17
unsuspecting,-0.08
unsustainable,-0.08
untenable,-0.11
untested,-0.12
unthinkable,-0.09
unthinkably,-0.09
untimely,-0.12
untouched,-0.11
untrue,-0.17
untrustworthy,-0.08
untruthful,-0.1
unusable,-0.12
unusably,-0.12
unuseable,-0.11
unuseably,-0.11
unusual,-0.14
unusually,-0.11
unviewable,-0.1
unwanted,-0.12
unwarranted,-0.09
unwatchable,-0.09
unwelcome,-0.11
unwell,-0.17
unwieldy,-0.12
unwilling,-0.11
unwillingly,-0.09
unwillingness,-0.08
unwise,-0.17
unwisely,-0.12
unworkable,-0.1
unworthy,-0.12
unyielding,-0.1
upbraid,-0.14
upheaval,-0.12
uprising,-0.12
uproar,-0.17
uproarious,-0.1
uproariously,-0.08
uproarous,-0.11
uproarously,-0.09
uproot,-0.17
upset,-0.2
upseting,-0.12
upsets,-0.17
upsetting,-0.11
upsettingly,-0.09
urgent,-0.17
useless,-0.14
usurp,-0.2
usurper,-0.14
utterly,-0.14
vagrant,-0.14
vague,-0.2
vagueness,-0.11
vain,-0.25
vainly,-0.17
vanity,-0.17
vehement,-0.12
vehemently,-0.1
vengeance,-0.11
vengeful,-0.12
vengefully,-0.1
vengefulness,-0.08
venom,-0.2
venomous,-0.12
venomously,-0.1
vent,-0.25
vestiges,0.0
vex,-0.33
vexation,-0.12
vexing,-0.17
vexingly,-0.12
vibrate,-0.14
vibrated,-0.12
vibrates,-0.12
vibrating,-0.11
vibration,-0.11
vice,-0.25
vicious,-0.14
viciously,-0.11
viciousness,-0.09
victimize,-0.11
vile,-0.25
vileness,-0.12
vilify,-0.17
villainous,-0.1
villainously,-0.08
villains,0.0
villian,-0.14
villianous,-0.1
villianously,-0.08
villify,-0.14
vindictive,-0.1
vindictively,-0.08
vindictiveness,-0.07
violate,-0.14
violation,-0.11
violator,-0.12
violators,-0.11
violent,-0.14
violently,-0.11
viper,-0.2
virulence,-0.11
virulent,-0.12
virulently,-0.1
virus,-0.2
vociferous,-0.1
vociferously,-0.08
volatile,-0.12
volatility,-0.1
vomit,-0.2
vomited,-0.14
vomiting,-0.12
vomits,-0.17
vulgar,-0.17
vulnerable,-0.1
wack,-0.25
wail,-0.25
wallow,-0.17
wane,-0.25
waning,-0.17
wanton,-0.17
war-like,0.12
warily,-0.17
wariness,-0.12
warlike,-0.14
warned,-0.17
warning,-0.14
warp,-0.25
warped,-0.17
wary,-0.25
washed-out,0.0
waste,-0.2
wasted,-0.17
wasteful,-0.12
wastefulness,-0.08
wasting,-0.14
water-down,0.0
watered-down,0.0
wayward,-0.14
weak,-0.25
weaken,-0.17
weakening,-0.11
weaker,-0.17
weakness,-0.12
weaknesses,-0.1
weariness,-0.11
wearisome,-0.11
weary,-0.2
wedge,-0.2
weed,-0.25
weep,-0.25
weird,-0.2
weirdly,-0.14
wheedle,-0.14
whimper,-0.14
whine,-0.2
whining,-0.14
whiny,-0.2
whips,0.0
whore,-0.2
whores,-0.17
wicked,-0.17
wickedly,-0.12
wickedness,-0.1
wild,-0.25
wildly,-0.17
wiles,0.0
wilt,-0.25
wily,-0.25
wimpy,-0.2
wince,-0.2
wobble,-0.17
wobbled,-0.14
wobbles,-0.14
woe,-0.33
woebegone,-0.11
woeful,-0.17
woefully,-0.12
womanizer,-0.11
womanizing,-0.1
worn,-0.25
worried,-0.14
worriedly,-0.11
worrier,-0.14
worries,-0.14
worrisome,-0.11
worry,-0.2
worrying,-0.12
worryingly,-0.1
worse,-0.2
worsen,-0.17
worsening,-0.11
worst,-0.2
worthless,-0.11
worthlessly,-0.09
worthlessness,-0.08
wound,-0.2
wounds,-0.17
wrangle,-0.14
wrath,-0.2
wreak,-0.2
wreaked,-0.14
wreaks,-0.17
wreck,-0.2
wrest,-0.2
wrestle,-0.14
wretch,-0.17
wretched,-0.12
wretchedly,-0.1
wretchedness,-0.08
wrinkle,-0.14
wrinkled,-0.12
wrinkles,-0.12
wrip,-0.25
wripped,-0.14
wripping,-0.12
writhe,-0.17
wrong,-0.2
wrongful,-0.12
wrongly,-0.14
wrought,-0.14
yawn,-0.25
zap,-0.33
zapped,-0.17
zaps,-0.25
zealot,-0.17
zealous,-0.14
zealously,-0.11
zombie,-0.17
